Frölunda HC,Rögle BK,Skellefteå AIK,Djurgårdens IF,Växjö Lakers HC,Timrå IK,Färjestad BK,Örebro HK,Luleå HF,Brynäs IF,IF Malmö Redhawks,Leksands IF,HV 71,Linköping HC
126,114,89,85,95,87,82,76,73,72,47,43,54,49
123,129,101,69,83,73,83,81,71,69,47,62,55,46
120,111,116,78,78,83,80,81,69,61,40,57,56,62
117,123,85,72,102,81,86,84,71,71,47,56,58,39
129,96,97,83,85,91,88,86,50,67,53,63,54,50
123,113,91,89,95,84,75,72,65,86,50,61,55,33
130,119,91,76,98,87,81,58,70,65,43,58,56,60
125,105,98,81,91,86,83,72,62,62,57,66,48,56
127,112,111,93,95,84,100,68,58,59,45,57,47,36
130,116,104,81,108,62,77,64,67,47,52,60,68,56
120,119,101,73,101,71,85,75,63,74,55,63,47,45
118,108,120,81,81,97,81,56,59,79,47,66,49,50
126,105,111,87,90,84,81,73,68,62,66,62,39,38
129,115,98,70,100,91,70,70,64,59,69,54,44,59
131,100,90,78,95,71,75,78,72,81,56,49,64,52
125,112,97,85,87,84,76,81,76,61,47,57,52,52
127,105,91,78,107,82,76,62,73,66,45,64,60,56
121,106,107,74,95,85,94,89,54,77,51,47,43,49
135,103,96,87,95,89,71,76,66,61,62,66,41,44
129,111,103,74,83,80,100,65,76,65,50,61,51,44
127,126,105,82,96,85,81,60,62,63,49,57,47,52
117,108,113,87,87,72,79,77,81,79,39,55,53,45
122,115,95,95,105,71,85,66,52,74,67,54,57,34
123,119,94,79,103,85,80,78,64,49,54,55,51,58
128,113,97,81,95,96,93,70,59,59,53,50,62,36
122,106,102,85,93,88,85,67,65,67,69,52,50,41
118,98,113,66,89,85,93,77,70,67,63,47,56,50
125,110,101,81,86,79,84,68,72,69,66,52,50,49
125,112,93,83,79,89,80,73,67,64,64,53,55,55
128,119,102,83,100,88,77,65,62,68,54,46,50,50
132,116,108,78,93,83,78,72,56,54,53,60,56,53
119,111,91,94,93,81,82,80,62,58,57,65,46,53
125,112,107,84,87,76,88,77,60,62,47,63,50,54
127,107,105,75,91,84,90,81,73,66,49,53,47,44
108,99,108,70,91,82,79,88,88,68,47,64,53,47
127,114,110,69,94,78,92,75,68,69,58,52,46,40
125,109,111,73,106,80,77,61,73,78,52,43,51,53
123,111,98,74,102,85,78,71,68,62,45,69,52,54
129,100,104,74,119,82,76,77,61,83,55,44,38,50
128,103,95,74,108,89,84,65,59,75,52,51,53,56
125,116,97,73,89,86,95,74,70,52,64,53,48,50
131,107,100,89,107,72,96,72,55,67,43,63,41,49
132,108,103,76,86,80,77,78,66,75,59,56,48,48
130,113,98,65,100,79,89,66,70,67,46,61,52,56
134,112,98,76,89,63,84,71,69,73,59,49,63,52
130,97,104,68,104,87,81,76,65,61,58,53,49,59
122,115,103,80,87,88,82,77,76,73,44,49,57,39
127,98,103,91,97,77,75,73,57,76,59,62,50,47
130,106,114,75,86,76,85,83,76,63,52,59,41,46
121,117,98,72,104,91,97,70,64,73,43,60,42,40
123,103,93,77,87,102,85,73,82,70,54,47,61,35
128,100,101,102,89,93,89,66,52,54,60,58,51,49
117,125,106,70,96,81,92,75,74,61,50,58,40,47
130,117,95,70,97,79,76,62,79,68,62,50,53,54
131,103,102,81,102,94,90,63,66,47,49,58,56,50
115,112,97,73,81,90,80,61,69,74,59,62,61,58
129,121,100,90,90,94,84,64,69,50,55,63,37,46
129,117,97,88,97,83,91,60,59,71,52,44,50,54
135,118,108,79,87,83,77,76,67,64,46,46,58,48
133,107,104,60,97,93,83,55,62,68,65,61,53,51
128,108,109,88,93,83,77,75,60,57,45,50,65,54
115,114,104,74,86,70,94,74,59,65,49,69,67,52
122,107,105,80,82,87,88,68,76,65,59,56,54,43
125,115,110,74,86,83,89,73,66,62,44,56,73,36
122,115,95,75,92,94,94,71,57,74,62,57,44,40
122,119,111,66,98,97,81,62,79,68,57,53,39,40
134,102,96,82,91,83,84,73,69,72,69,54,40,43
127,118,88,78,83,110,77,54,70,79,46,59,53,50
122,112,98,86,94,77,76,79,63,66,52,67,57,43
129,102,104,84,91,80,82,84,60,66,48,59,62,41
121,108,95,86,85,83,85,63,76,77,67,48,50,48
129,110,106,80,95,98,82,64,59,66,50,53,52,48
136,103,101,74,105,88,76,80,55,59,58,58,44,55
130,117,85,77,104,87,92,52,61,68,59,60,51,49
130,108,99,82,92,87,85,77,67,71,44,57,50,43
120,109,117,83,94,79,77,73,60,60,50,56,52,62
122,101,105,85,104,93,68,71,59,68,57,53,50,56
133,106,103,74,95,86,73,78,65,61,62,61,58,37
116,124,98,80,104,85,87,70,70,77,58,55,30,38
124,112,99,77,91,76,89,73,61,80,61,54,56,39
133,124,101,81,88,85,72,53,64,70,54,61,55,51
132,104,95,82,101,76,91,67,66,54,60,55,49,60
132,103,103,80,77,90,82,78,80,71,57,50,45,44
129,114,96,87,77,86,88,72,65,64,54,58,55,47
120,121,108,78,88,82,62,81,65,58,55,66,62,46
138,96,97,62,92,82,78,90,61,65,66,54,53,58
115,108,98,90,103,73,80,69,67,76,45,72,50,46
127,109,102,71,84,75,96,66,55,75,61,64,42,65
129,111,99,81,97,74,79,72,65,58,53,63,49,62
131,119,115,77,87,79,80,79,52,70,48,65,49,41
128,103,102,82,100,90,86,60,75,50,61,54,60,41
135,102,100,63,93,91,88,75,66,65,55,70,37,52
134,122,96,93,88,74,88,67,57,78,50,49,44,52
126,109,94,79,93,83,82,72,64,66,60,50,59,55
125,113,102,67,94,87,93,70,66,69,51,50,53,52
129,112,103,81,86,76,68,82,67,76,57,56,55,44
133,109,108,79,106,72,82,72,64,58,56,52,53,48
134,109,107,78,84,93,82,62,72,62,43,63,52,51
126,114,102,75,98,81,87,64,56,70,62,64,41,52
136,106,97,70,86,73,84,71,71,68,52,56,59,63
122,104,100,76,93,87,93,73,71,54,57,52,63,47
131,107,95,78,85,90,85,67,79,60,74,48,37,56
127,111,90,69,72,86,97,74,61,81,58,65,50,51
115,106,111,93,91,70,74,69,72,76,46,61,60,48
130,123,99,71,92,84,80,65,70,58,55,61,50,54
120,103,93,80,105,89,86,81,67,68,53,50,60,37
129,112,93,79,88,86,77,73,72,66,53,55,62,47
126,111,91,80,102,85,82,66,70,64,44,60,53,58
130,113,99,80,97,85,91,79,70,56,50,54,42,46
131,111,114,65,89,92,91,67,69,56,56,53,49,49
128,107,104,78,91,78,99,78,71,59,42,50,52,55
131,101,103,72,95,93,100,69,56,66,44,56,56,50
116,113,104,89,91,86,80,78,61,67,49,58,54,46
136,112,105,71,101,98,87,62,72,59,55,51,51,32
128,113,98,83,103,75,69,76,61,63,56,58,53,56
118,114,98,75,100,103,73,62,62,67,59,65,46,50
130,112,101,84,83,78,84,63,69,58,65,55,65,45
124,108,105,94,101,90,92,68,66,66,38,50,45,45
126,114,114,70,91,73,80,64,69,66,58,66,58,43
123,109,100,75,118,70,76,73,55,72,54,64,53,50
126,99,105,73,97,83,83,60,70,75,58,56,57,50
127,112,101,71,101,76,78,76,61,71,45,55,49,69
125,121,91,83,80,83,75,72,73,85,48,62,51,43
122,122,105,58,79,80,91,82,57,78,54,58,53,53
119,99,92,85,96,87,88,70,65,80,49,64,60,38
128,126,105,86,95,79,80,75,49,82,47,55,39,46
128,101,102,75,80,89,95,65,66,78,48,56,58,51
132,109,99,75,92,92,81,54,75,77,56,56,40,54
120,120,103,76,107,97,79,65,57,62,56,58,49,43
132,120,98,79,93,92,77,64,73,45,66,64,49,40
109,118,92,70,104,73,92,79,70,66,51,61,56,51
121,113,111,86,101,81,80,72,56,63,36,56,62,54
121,117,103,69,101,78,81,71,87,76,52,44,51,41
132,112,91,77,89,91,89,81,69,54,50,53,50,54
130,115,94,78,104,83,89,67,67,74,48,52,37,54
119,120,95,83,85,87,92,73,76,67,47,63,41,44
130,99,111,80,98,91,89,69,59,64,39,53,53,57
128,117,95,77,91,77,84,74,60,85,57,55,44,48
124,123,97,83,85,93,91,66,73,75,41,53,49,39
120,114,92,76,87,92,97,80,48,62,59,62,54,49
133,124,93,74,98,78,96,72,66,60,36,56,58,48
134,117,91,75,101,89,95,71,53,62,55,57,48,44
119,105,100,72,83,85,98,69,73,69,60,55,53,51
128,110,100,83,89,80,83,71,63,58,58,63,58,48
127,112,98,87,96,87,66,71,83,52,53,56,52,52
129,117,106,80,89,82,84,74,67,60,59,53,50,42
128,100,96,78,101,92,98,56,59,71,43,52,59,59
130,108,97,76,97,87,97,63,57,60,57,71,51,41
127,109,108,71,90,89,80,75,82,68,45,56,47,45
139,103,103,78,92,79,85,78,64,63,53,60,46,49
134,106,101,61,99,76,96,79,75,71,60,48,50,36
126,118,98,82,87,81,88,64,52,65,64,62,59,46
132,100,101,92,85,75,90,73,57,65,50,68,43,61
131,106,97,79,98,71,82,60,61,87,63,54,52,51
126,109,103,84,95,73,91,85,70,62,51,49,47,47
122,126,110,77,94,84,78,70,63,68,53,48,58,41
132,108,83,88,96,85,80,65,75,64,54,57,56,49
127,119,102,73,91,75,80,66,75,66,58,69,45,46
119,124,112,67,81,91,82,77,67,65,48,49,63,47
114,117,94,79,100,96,79,72,62,70,54,60,49,46
125,121,104,77,93,79,78,75,64,68,48,51,60,49
127,122,106,83,75,79,84,71,63,76,53,57,49,47
128,114,105,73,101,77,73,68,60,53,56,59,65,60
124,107,96,65,97,73,96,64,60,71,67,65,50,57
118,114,101,77,77,81,92,73,68,56,65,78,47,45
128,110,104,80,96,77,90,68,64,62,49,65,51,48
126,105,96,75,94,79,75,68,54,88,63,56,63,50
131,111,100,78,84,92,81,63,66,77,58,57,59,35
128,102,100,67,81,87,92,65,70,69,55,58,53,65
130,105,98,80,88,89,88,64,73,63,68,48,49,49
124,113,99,74,88,84,93,71,73,58,51,58,56,50
122,118,96,75,97,82,93,74,56,66,53,52,48,60
128,103,102,79,93,86,100,66,57,74,49,52,52,51
125,107,106,82,97,76,83,61,75,69,50,59,47,55
127,103,111,86,86,80,87,63,66,77,59,56,46,45
125,107,103,81,91,80,84,76,70,72,44,57,58,44
117,95,97,85,87,96,96,74,71,61,53,55,51,54
134,117,107,74,87,82,73,67,64,63,49,68,59,48
117,100,101,69,103,87,96,72,66,62,59,55,54,51
125,115,101,82,91,80,70,74,67,72,60,65,39,51
119,108,96,86,92,84,93,73,66,81,38,56,44,56
123,112,100,72,100,94,86,72,77,60,51,48,47,50
133,124,94,69,92,82,94,58,70,66,50,57,59,44
117,113,102,90,89,76,84,93,63,59,53,51,55,47
114,113,106,80,96,84,84,60,63,83,49,60,55,45
124,104,104,74,80,90,88,67,84,65,44,61,50,57
133,108,88,79,86,71,88,78,75,80,57,56,46,47
128,110,95,83,84,84,82,81,58,63,66,47,45,66
136,111,90,93,93,74,92,62,58,77,57,49,44,56
125,114,98,73,90,86,81,74,77,69,52,59,44,50
121,122,100,85,93,79,79,57,75,62,54,55,60,50
131,104,110,86,105,69,97,64,56,62,66,52,45,45
127,118,98,77,81,83,93,75,80,55,57,59,52,37
125,110,103,75,92,89,89,65,79,54,63,64,51,33
121,116,96,86,100,88,81,71,64,62,66,62,49,30
117,122,89,71,102,82,95,73,59,68,51,65,45,53
133,114,99,73,96,83,92,65,66,65,58,63,43,42
124,105,116,87,97,74,83,76,62,63,60,48,48,49
115,109,86,86,81,103,83,62,63,77,57,60,61,49
121,113,103,77,91,85,86,63,56,75,70,59,57,36
124,116,113,86,77,82,83,77,68,66,45,57,44,54
126,109,101,88,90,83,75,72,64,75,54,60,56,39
120,117,91,90,88,92,84,68,81,56,56,65,42,42
126,107,91,82,96,92,90,74,63,67,55,65,37,47
122,121,104,78,85,85,82,73,70,75,59,51,57,30
132,109,104,90,85,70,94,73,61,66,54,55,51,48
126,112,96,88,79,74,78,75,74,83,50,50,56,51
129,100,118,81,93,90,68,70,57,77,60,57,49,43
123,107,109,77,93,90,89,61,64,64,57,62,50,46
126,112,118,73,89,80,94,60,78,75,46,49,45,47
120,108,95,78,108,84,86,78,71,61,42,47,62,52
132,112,102,64,95,86,79,81,66,61,63,55,52,44
130,113,109,98,98,88,79,49,54,80,57,42,57,38
118,115,100,90,92,88,87,70,56,58,64,55,58,41
127,104,99,62,92,89,99,72,66,61,57,58,52,54
125,116,90,81,97,82,82,76,79,56,50,57,50,51
139,113,99,82,80,89,71,68,63,76,51,55,67,39
129,118,106,77,101,69,93,61,54,59,58,47,57,63
128,103,112,80,98,75,89,68,63,69,57,50,43,57
132,120,100,87,94,81,96,66,44,67,50,63,53,39
125,119,103,69,90,91,88,74,74,58,42,59,56,44
128,105,112,84,91,86,80,72,58,76,44,55,57,44
125,115,105,72,96,92,82,68,53,68,54,52,64,46
126,115,95,95,101,87,76,73,76,65,46,41,52,44
135,111,97,60,79,96,72,80,73,68,64,50,60,47
123,113,113,72,95,72,86,68,72,72,39,63,53,51
125,107,101,76,86,86,95,55,77,65,60,56,48,55
134,111,108,75,78,75,99,66,69,72,48,63,54,40
122,110,104,94,87,83,90,52,71,61,49,56,62,51
128,118,84,97,91,79,90,60,62,74,42,65,62,40
138,114,93,85,92,84,91,67,63,66,50,46,52,51
128,108,102,74,91,85,77,78,74,71,57,45,52,50
134,121,103,79,102,81,87,58,54,67,49,50,58,49
124,105,103,82,88,87,85,68,58,71,55,72,49,45
123,116,109,89,89,98,77,72,53,69,42,58,45,52
121,117,94,83,88,92,102,62,55,73,57,57,47,44
123,112,92,72,89,88,94,70,62,69,54,62,52,53
138,119,112,63,78,93,82,59,72,66,50,62,47,51
121,100,102,79,116,80,87,67,75,64,44,54,52,51
125,118,108,74,98,91,73,63,61,72,41,52,57,59
129,114,77,91,96,87,88,74,70,64,47,46,59,50
132,112,102,83,89,76,96,77,58,67,46,56,50,48
120,107,96,69,92,93,91,79,64,70,59,56,49,47
128,104,106,87,101,85,81,56,73,65,44,49,57,56
125,112,100,79,106,87,81,72,59,78,48,59,44,42
122,110,90,83,108,81,81,67,65,61,63,59,49,53
119,122,102,65,91,69,89,93,61,66,52,49,50,64
127,111,111,78,107,88,82,46,77,63,52,54,50,46
137,101,95,85,97,84,72,74,69,72,42,63,47,54
132,107,98,81,94,97,90,64,59,67,46,56,50,51
124,108,96,83,89,87,78,78,63,69,42,67,61,47
124,107,107,71,94,86,82,78,66,66,44,57,63,47
128,129,109,89,84,58,80,75,56,70,59,65,38,52
132,101,100,76,94,78,89,55,77,69,49,75,54,43
113,115,103,75,100,83,82,85,55,63,54,57,61,46
130,107,102,86,93,82,86,73,65,55,59,58,54,42
133,117,99,73,95,86,86,73,64,61,44,59,49,53
122,109,103,74,95,80,94,79,61,68,51,57,56,43
114,119,104,84,90,83,105,63,50,71,57,54,48,50
129,117,97,73,88,85,85,67,75,57,65,47,53,54
118,117,113,87,98,74,72,73,69,60,51,58,56,46
129,102,107,73,109,70,76,93,53,73,54,53,56,44
121,117,96,87,96,83,81,66,64,67,53,68,44,49
126,107,102,92,97,80,82,63,74,68,48,58,47,48
133,122,103,74,97,89,70,74,64,64,59,49,44,50
134,122,91,82,88,82,79,77,69,82,49,48,51,38
122,107,109,70,97,87,89,75,64,62,68,56,37,49
129,115,97,69,98,83,85,74,52,66,55,76,39,54
134,112,107,76,83,81,94,69,73,71,34,63,43,52
125,112,105,71,97,83,82,80,71,75,50,46,47,48
117,110,103,77,101,88,81,67,69,83,47,46,50,53
125,98,98,79,91,92,78,57,66,69,51,79,52,57
130,113,102,76,97,84,98,74,53,72,55,58,43,37
118,111,114,89,98,89,76,65,59,75,58,49,54,37
133,99,111,70,112,71,75,57,81,72,47,53,51,60
136,101,94,73,91,91,84,65,73,61,64,54,58,47
129,122,92,83,90,83,71,67,62,65,65,46,45,72
127,112,94,83,94,89,95,77,67,63,42,52,44,53
135,101,114,72,86,77,86,80,68,73,59,49,51,41
125,117,104,81,98,76,86,71,57,65,48,62,54,48
127,115,99,82,94,78,97,62,60,64,57,52,57,48
113,117,99,70,96,103,88,68,57,72,45,64,45,55
137,106,100,78,89,75,79,70,67,81,47,51,56,56
125,107,116,71,83,74,84,71,70,58,61,73,47,52
127,103,105,80,82,83,95,81,66,69,53,56,58,34
133,107,110,78,98,88,76,82,66,62,54,50,37,51
133,102,108,74,90,84,96,77,64,68,44,60,38,54
130,116,98,67,96,83,77,85,74,75,46,49,53,43
134,125,96,73,84,77,88,73,63,65,46,65,54,49
133,115,101,76,92,84,88,61,69,67,51,60,42,53
123,107,89,79,97,90,83,74,71,62,54,49,62,52
120,116,103,83,78,88,65,55,71,63,67,68,56,59
136,114,91,84,87,86,72,81,52,72,54,63,53,47
122,109,97,86,98,94,77,78,74,51,66,59,46,35
137,103,109,70,101,82,71,73,71,68,46,62,50,49
131,120,94,79,84,95,71,74,66,70,52,54,53,49
125,116,93,71,89,81,85,72,69,67,55,64,54,51
131,111,107,87,95,86,75,76,60,75,45,62,36,46
117,110,103,81,90,90,75,76,63,61,53,62,57,54
122,120,112,86,94,82,80,70,56,71,50,53,45,51
126,116,106,79,90,98,75,65,71,76,48,46,53,43
131,98,103,68,94,77,100,61,74,83,51,48,52,52
124,107,104,87,88,80,86,68,71,63,51,56,57,50
114,107,113,87,89,95,89,66,62,76,55,59,45,35
129,115,96,82,71,80,90,78,65,70,61,55,49,51
125,105,111,77,97,77,65,76,77,78,61,51,49,43
130,104,99,72,92,80,81,93,60,57,69,57,52,46
137,119,90,77,91,81,85,72,67,61,59,57,55,41
131,112,101,77,81,87,81,75,57,71,46,75,58,40
121,116,99,70,93,89,79,82,65,59,57,64,55,43
131,102,95,77,87,87,81,80,79,73,61,42,43,54
129,113,102,65,86,83,96,77,83,52,58,58,53,37
126,127,103,75,100,77,77,73,61,69,52,47,44,61
135,110,87,82,89,87,82,77,69,67,41,60,50,56
133,107,110,82,93,96,81,61,71,69,48,50,49,42
119,113,111,88,98,78,91,55,70,62,58,51,49,49
129,116,98,84,95,82,82,74,71,68,52,50,35,56
129,115,99,76,86,77,82,69,61,72,57,66,52,51
130,100,113,81,93,74,88,64,76,74,60,51,51,37
127,113,92,89,103,71,80,64,68,75,61,47,50,52
122,116,101,80,90,91,92,74,66,68,41,50,53,48
127,106,122,80,89,92,78,72,65,60,48,40,44,69
126,111,112,88,91,73,94,74,52,65,58,68,33,47
132,102,103,72,86,88,88,66,64,69,65,63,39,55
126,126,112,73,89,76,88,76,65,60,59,53,49,40
121,103,98,84,89,80,81,82,61,67,53,62,41,70
124,121,97,78,101,84,75,66,80,61,53,62,53,37
121,116,108,94,89,78,81,72,58,72,54,54,32,63
126,113,96,90,86,80,80,73,45,73,64,64,52,50
120,100,107,83,112,100,84,60,78,61,51,56,40,40
125,115,111,72,93,83,75,53,60,81,53,63,46,62
115,107,105,69,78,93,91,88,87,52,59,55,47,46
119,105,103,69,98,87,94,71,67,67,54,45,44,69
122,125,95,78,110,84,91,67,50,73,47,60,55,35
129,112,99,80,90,83,90,77,48,67,55,57,56,49
121,99,115,84,93,80,90,59,73,73,59,53,54,39
133,108,86,89,100,81,83,63,68,76,53,55,48,49
130,127,93,89,92,80,75,59,61,69,47,55,64,51
123,120,98,65,100,85,90,70,62,66,55,59,51,48
123,122,102,88,90,76,84,63,67,58,48,63,58,50
126,112,103,90,84,74,81,74,60,70,44,58,61,55
122,113,102,78,89,93,76,75,65,68,54,71,47,39
132,120,96,76,83,89,83,68,70,74,51,64,44,42
133,110,97,73,80,80,88,68,67,65,41,66,65,59
131,117,98,91,103,87,69,57,58,77,59,59,54,32
127,107,107,82,116,77,79,70,48,67,54,52,55,51
126,113,95,95,92,87,79,69,64,69,47,58,52,46
134,95,102,84,85,79,85,66,68,79,62,58,47,48
124,106,103,75,101,83,99,75,61,71,51,51,55,37
136,115,87,71,99,78,92,70,59,72,72,46,42,53
120,115,107,81,85,84,84,80,63,72,54,49,53,45
128,127,110,72,87,90,84,55,63,68,43,55,61,49
128,113,105,98,86,87,77,74,60,63,62,51,43,45
125,106,95,73,91,73,90,71,65,77,55,70,49,52
136,114,99,80,95,81,86,62,71,47,58,68,56,39
124,122,86,74,93,83,80,59,70,61,67,55,67,51
128,114,106,78,102,85,91,69,68,57,53,50,43,48
131,105,95,88,104,88,67,68,62,80,62,56,44,42
128,112,111,91,93,82,68,56,80,59,52,63,48,49
134,114,98,83,86,77,99,62,69,64,47,60,55,44
130,111,110,66,87,92,73,68,73,64,50,57,55,56
116,120,104,89,99,81,81,71,73,60,51,55,48,44
126,104,100,68,93,94,73,80,83,66,50,54,58,43
120,110,96,75,100,94,82,65,71,66,48,73,43,49
128,107,109,78,83,80,96,76,56,68,55,59,48,49
134,111,94,86,105,90,74,61,73,70,53,55,42,44
135,116,102,90,101,78,78,66,51,58,52,62,50,53
123,109,100,76,82,91,89,86,64,58,50,50,56,58
115,114,101,72,90,84,79,77,71,80,55,55,66,33
133,112,114,76,101,76,89,75,60,64,55,48,47,42
129,102,103,79,104,90,84,62,49,73,44,61,60,52
129,109,103,86,92,93,78,85,69,59,47,50,43,49
136,110,99,88,91,77,95,68,68,59,49,60,49,43
125,99,103,78,86,85,98,75,62,54,56,70,43,58
131,116,102,91,84,77,81,75,53,70,63,47,53,49
131,117,104,77,88,78,81,62,66,65,44,80,53,46
132,112,98,90,89,87,75,69,53,69,59,44,64,51
128,119,96,80,92,87,82,73,66,66,59,59,38,47
132,106,98,92,96,72,90,73,58,73,45,54,56,47
121,105,100,77,92,87,80,71,65,69,62,58,56,49
118,110,113,82,85,71,91,72,58,66,51,71,49,55
125,116,96,77,82,89,86,73,64,71,68,54,50,41
134,104,99,76,104,84,89,63,60,70,46,57,52,54
130,117,104,67,91,81,79,71,73,63,70,67,39,40
125,113,93,76,78,87,91,70,67,72,49,58,56,57
126,116,104,81,96,77,85,77,67,66,45,44,54,54
134,110,93,86,100,75,86,66,66,65,56,55,52,48
130,110,101,85,91,88,81,82,61,67,48,53,49,46
119,114,106,79,93,84,83,70,72,67,48,56,59,42
125,115,102,74,87,80,83,78,63,68,58,43,60,56
125,111,103,84,91,75,84,81,60,68,56,59,48,47
131,112,99,90,94,87,96,67,57,65,43,49,46,56
127,125,102,66,94,77,79,80,59,69,58,66,47,43
126,110,97,77,101,85,70,73,72,71,53,50,56,51
115,102,106,64,91,83,98,79,65,72,70,52,50,45
121,122,95,84,88,77,90,77,62,68,51,65,58,34
126,120,105,74,88,89,93,64,56,70,56,52,52,47
126,105,110,79,94,78,86,67,58,62,48,64,62,53
125,99,100,85,89,74,84,76,69,75,63,52,56,45
125,113,84,85,87,91,88,74,72,59,67,61,34,52
130,115,97,60,103,80,84,55,72,77,57,56,55,51
125,112,114,68,83,83,88,75,68,72,42,59,45,58
126,118,101,92,93,79,80,70,55,61,61,52,56,48
116,111,98,87,115,92,86,63,63,59,44,52,58,48
126,107,90,80,88,68,89,83,75,75,52,55,54,50
129,94,110,86,85,75,80,78,73,72,52,59,48,51
123,117,99,83,85,86,89,64,68,59,57,64,49,49
117,103,115,85,82,87,85,75,67,72,60,63,40,41
131,107,106,83,97,74,70,69,65,87,61,46,43,53
136,108,101,74,103,81,83,57,79,60,55,55,50,50
120,96,115,71,93,90,87,65,64,68,61,64,49,49
123,112,99,69,87,72,87,77,73,66,53,77,56,41
128,108,100,86,77,85,104,75,65,64,45,61,46,48
123,110,87,71,99,93,85,57,74,61,63,60,55,54
119,121,98,80,89,84,91,73,74,70,53,53,46,41
118,113,91,83,91,92,92,65,60,64,51,59,49,64
123,106,100,72,107,94,77,51,74,64,75,46,58,45
127,113,107,76,83,98,74,76,56,58,62,62,57,43
132,120,102,66,92,70,69,80,69,74,59,65,50,44
125,113,108,86,88,79,87,68,64,72,53,41,54,54
131,111,96,80,102,83,84,69,70,53,48,49,56,60
116,126,85,78,102,81,95,58,62,74,63,59,49,44
128,116,110,67,98,73,87,76,67,65,59,51,46,49
138,111,96,81,84,80,92,80,61,67,44,66,56,36
123,108,101,86,102,81,79,82,58,65,60,50,48,49
129,117,100,70,96,81,89,76,61,79,42,56,47,49
127,118,95,89,82,85,89,78,64,71,48,56,43,47
130,110,91,85,100,78,82,57,76,73,58,52,56,44
119,106,104,85,95,92,81,53,63,57,64,62,59,52
129,109,95,78,91,80,89,58,70,65,69,67,51,41
120,94,95,85,86,85,92,74,71,66,67,61,53,43
133,114,105,81,87,90,72,77,66,67,50,47,53,50
125,116,106,73,85,90,83,70,65,63,54,55,55,52
114,112,97,72,97,93,85,74,68,71,52,54,50,53
122,110,105,100,89,75,93,72,61,66,51,60,48,40
114,112,94,92,86,66,93,66,66,74,51,72,44,62
113,114,105,95,110,82,90,45,62,62,61,59,41,53
124,110,102,85,85,75,90,74,67,73,60,39,59,49
133,105,102,80,85,88,93,60,83,75,51,49,42,46
131,110,111,77,99,90,82,68,61,70,55,44,40,54
125,115,106,69,98,92,76,75,64,71,47,53,44,57
128,121,109,71,97,87,75,68,67,64,57,52,52,44
135,109,101,82,90,83,86,65,68,57,44,58,51,63
123,112,92,81,97,87,76,82,72,66,58,63,42,41
133,104,108,85,95,83,78,73,76,63,35,53,54,52
125,109,103,75,90,79,93,72,67,75,58,41,54,51
123,111,105,86,90,86,75,74,57,83,49,56,50,47
134,121,90,75,101,79,81,72,73,64,66,42,47,47
129,109,112,78,98,75,89,82,49,70,52,48,52,49
131,106,98,78,102,84,93,75,74,56,47,54,52,42
121,112,110,71,92,82,92,93,61,52,57,51,48,50
137,99,95,95,96,79,75,71,70,67,51,63,51,43
120,119,89,86,83,73,79,79,60,77,55,58,43,71
117,129,109,82,95,85,90,72,57,59,47,48,61,41
128,106,99,87,97,81,95,64,64,76,41,66,46,42
119,125,101,81,87,75,83,80,72,78,39,58,56,38
137,107,103,63,96,84,85,75,69,71,47,49,65,41
125,116,98,56,92,90,86,78,82,56,57,61,46,49
130,116,90,67,100,77,80,89,71,67,61,50,38,56
126,115,96,82,97,74,88,63,72,69,57,52,56,45
125,113,97,68,93,94,76,58,74,72,51,75,53,43
120,103,105,63,94,81,103,77,69,71,45,63,47,51
139,100,98,86,86,73,92,70,50,69,58,68,60,43
132,113,107,80,90,78,81,70,75,66,52,53,56,39
138,119,93,73,91,70,91,70,70,60,57,59,53,48
119,108,100,77,107,74,78,63,61,76,56,70,54,49
123,108,91,88,87,72,76,89,59,78,41,68,54,58
132,105,88,79,99,79,79,72,62,74,53,65,42,63
126,110,94,70,91,82,79,70,70,72,54,69,58,47
120,98,110,74,109,79,69,72,66,78,57,59,50,51
125,91,115,79,101,80,81,56,56,71,61,66,57,53
126,110,104,70,78,73,103,71,71,62,66,52,40,66
117,111,94,76,105,78,66,65,74,81,58,60,61,46
124,111,101,83,84,86,90,78,73,60,54,60,44,44
123,112,95,71,91,98,88,63,80,70,54,54,56,37
130,109,105,75,86,70,95,64,81,62,38,61,62,54
132,106,94,72,85,92,76,73,65,89,58,54,50,46
135,123,94,68,77,82,94,63,68,66,51,57,61,53
121,112,107,75,90,84,91,69,58,56,45,75,57,52
117,103,104,91,98,85,82,72,62,66,45,52,60,55
125,101,109,86,91,86,84,73,63,69,51,54,53,47
130,99,101,70,103,85,90,65,58,72,58,51,55,55
129,107,110,77,92,83,83,71,79,71,53,47,39,51
133,106,111,86,80,83,88,65,59,65,61,54,53,48
123,118,100,88,87,81,80,74,71,69,39,65,44,53
123,106,106,86,86,76,81,63,65,70,63,59,55,53
114,109,102,75,92,95,92,74,71,69,47,57,46,49
130,119,107,68,95,96,76,76,52,64,43,58,63,45
123,106,112,82,87,83,82,70,64,69,57,70,52,35
133,111,95,84,87,85,90,67,59,64,59,52,59,47
132,115,98,88,83,88,83,78,70,68,47,45,51,46
134,109,102,82,84,84,80,81,74,72,53,58,43,36
125,119,98,74,93,84,94,75,64,61,42,58,60,45
125,115,93,97,84,79,72,65,71,74,35,59,67,56
125,126,101,78,94,69,94,65,58,70,53,61,50,48
133,101,104,74,94,98,85,56,71,56,53,66,58,43
125,102,113,65,95,96,95,73,61,56,60,53,47,51
119,113,100,84,89,89,81,56,63,65,52,59,59,63
123,102,107,80,93,85,96,71,58,68,40,58,59,52
125,123,108,87,91,72,84,65,72,64,43,52,47,59
137,119,105,76,83,79,87,69,72,62,41,61,50,51
121,113,98,77,78,101,87,60,77,48,59,61,58,54
122,115,105,79,80,87,82,72,62,70,64,45,64,45
119,115,112,82,92,81,77,67,65,77,46,51,69,39
134,98,97,83,94,82,83,75,70,66,47,53,52,58
136,111,104,74,85,76,89,66,68,60,46,68,62,47
127,116,94,80,97,82,89,76,66,62,38,61,50,54
119,109,105,86,97,80,81,65,68,81,37,55,56,53
127,120,111,78,93,83,87,65,66,62,50,50,48,52
126,106,99,79,95,75,77,71,56,72,63,68,55,50
123,104,93,80,78,71,84,78,72,72,61,58,63,55
128,109,97,96,100,72,77,67,62,71,60,54,46,53
122,116,102,77,102,83,80,76,63,72,49,54,41,55
129,111,99,97,110,75,80,63,64,71,42,60,51,40
128,122,90,83,103,87,79,63,71,61,59,49,50,47
131,100,90,89,102,72,100,62,73,63,46,51,52,61
116,101,111,75,96,90,83,70,68,76,51,56,50,49
132,113,99,81,91,73,80,62,56,74,51,64,66,50
125,106,101,84,98,82,86,59,62,75,65,50,50,49
129,115,100,86,92,79,87,82,64,49,64,56,57,32
121,117,92,77,87,86,84,72,67,76,58,65,48,42
110,120,101,68,101,86,94,70,68,61,58,68,40,47
131,119,104,80,93,83,75,72,61,67,53,61,52,41
137,104,105,84,97,80,86,63,73,57,61,50,56,39
128,116,98,76,101,88,88,66,54,71,60,46,57,43
117,109,95,92,102,80,79,71,63,66,57,43,63,55
135,104,92,79,89,96,94,67,89,70,42,46,50,39
135,107,94,68,92,86,86,77,64,58,68,59,46,52
130,111,104,71,94,95,91,56,71,65,58,45,47,54
123,120,94,87,90,70,82,75,74,69,50,60,51,47
124,107,110,73,87,94,85,75,81,74,57,41,46,38
117,113,103,91,104,89,83,73,56,58,52,57,41,55
138,117,102,75,91,81,78,64,59,67,54,67,47,52
124,107,93,73,91,69,86,75,75,70,40,65,64,60
127,106,106,76,97,81,94,71,68,65,61,56,46,38
118,108,91,83,93,88,82,87,59,75,56,63,40,49
123,109,117,78,92,83,79,73,66,69,57,55,51,40
120,122,109,72,89,91,81,71,73,55,61,53,50,45
118,108,100,73,88,85,95,70,62,79,55,61,46,52
126,110,108,77,87,91,87,67,63,70,33,64,49,60
125,107,97,88,98,84,86,74,63,59,50,60,52,49
129,125,106,72,84,79,96,90,63,63,51,44,52,38
126,118,97,76,111,86,79,65,63,65,51,59,43,53
134,106,108,85,88,85,78,62,69,73,52,61,45,46
121,106,96,82,102,83,77,74,62,74,63,71,47,34
121,106,100,99,97,90,92,68,59,66,56,56,38,44
131,109,106,67,106,87,85,66,68,60,58,57,45,47
114,129,86,75,86,79,85,90,68,68,51,62,51,48
133,112,98,65,94,78,87,76,79,69,47,49,55,50
123,109,94,79,94,92,90,49,68,76,50,56,49,63
130,108,100,67,100,80,86,74,73,64,54,56,45,55
124,119,119,75,92,79,87,59,62,71,63,58,41,43
127,122,99,76,87,84,83,67,71,73,55,55,42,51
129,114,116,83,80,79,78,80,63,61,52,59,41,57
135,102,97,67,99,85,88,72,69,64,46,74,45,49
129,117,102,69,92,84,73,70,67,65,63,55,60,46
127,107,99,73,89,87,87,68,79,77,47,65,35,52
123,110,88,72,94,78,78,82,68,59,48,69,65,58
118,115,101,88,97,86,72,69,70,69,53,60,51,43
136,111,96,77,86,79,76,79,85,71,47,53,48,48
120,102,111,79,100,91,78,65,66,67,50,53,51,59
128,122,102,93,93,80,73,71,75,58,48,55,47,47
125,119,97,73,85,80,80,87,62,80,47,63,50,44
128,98,104,74,98,85,91,64,69,54,49,68,58,52
120,113,106,90,89,87,74,73,63,64,65,59,51,38
124,109,94,91,82,92,86,77,59,63,61,55,54,45
127,98,103,80,108,87,82,84,69,78,34,54,45,43
138,97,99,71,98,87,90,70,71,61,55,56,48,51
131,112,91,83,93,86,82,75,70,73,63,56,39,38
131,107,102,79,92,86,89,66,81,68,33,62,57,39
131,107,105,89,89,86,83,57,65,70,50,67,53,40
129,105,85,82,109,94,83,71,66,75,40,51,52,50
124,111,106,65,101,73,90,67,69,73,42,55,64,52
131,120,100,90,100,82,86,68,50,68,56,56,36,49
125,113,109,81,94,73,81,62,72,76,46,63,41,56
134,107,106,73,83,90,87,63,65,59,57,63,55,50
120,107,108,76,87,71,95,75,66,76,43,54,58,56
133,114,87,84,94,75,75,74,71,59,48,49,59,70
127,110,108,65,91,100,85,53,73,65,57,53,58,47
136,117,100,79,83,84,78,64,60,78,59,55,45,54
127,123,99,63,90,88,84,83,76,58,45,52,44,60
125,107,90,82,102,81,88,73,68,68,46,62,50,50
132,108,108,89,95,81,77,68,63,73,59,49,47,43
122,109,90,91,96,81,83,75,59,77,59,57,52,41
139,107,91,65,103,77,85,58,60,65,69,57,63,53
139,108,107,83,87,74,89,69,68,78,51,50,40,49
131,106,102,72,92,95,91,83,59,65,52,60,41,43
136,123,96,62,102,82,97,68,67,69,49,47,50,44
131,102,107,65,81,100,89,64,61,57,54,77,61,43
125,100,89,80,84,95,87,74,72,68,59,70,50,39
135,120,107,80,79,83,85,69,58,60,50,64,51,51
132,121,107,75,86,84,67,72,57,67,51,59,59,55
132,106,109,82,90,84,83,64,59,82,57,43,52,49
123,112,104,76,106,90,88,72,64,63,55,48,51,40
130,97,102,85,89,70,93,79,69,74,47,50,53,54
124,109,92,79,102,77,75,66,73,72,51,57,63,52
133,122,108,74,82,73,85,73,76,66,45,58,59,38
125,107,107,73,111,82,79,60,69,67,57,56,53,46
117,118,106,94,97,85,81,67,70,68,37,60,42,50
135,126,92,85,98,81,69,71,73,64,58,51,48,41
122,110,109,88,84,78,79,65,72,66,53,64,51,51
119,115,100,89,97,72,91,63,67,68,54,61,41,55
119,116,104,75,81,83,80,87,57,81,61,59,38,51
128,117,96,87,81,81,88,64,63,61,61,65,63,37
134,111,105,72,92,72,83,62,62,81,50,57,54,57
124,109,98,73,97,95,88,80,79,63,52,52,46,36
121,107,113,75,106,73,87,68,55,76,69,49,38,55
118,113,100,76,101,81,82,77,69,59,46,73,62,35
142,105,114,78,85,86,87,56,49,69,54,60,51,56
135,107,93,85,92,79,92,62,66,70,58,60,41,52
125,101,108,75,102,92,91,68,64,66,54,52,61,33
119,118,106,71,87,94,87,81,58,73,55,47,48,48
126,116,102,83,101,70,75,80,67,65,42,69,48,48
136,104,91,82,93,86,93,59,57,72,63,58,54,44
136,95,100,64,97,92,81,79,70,69,51,50,61,47
124,113,107,85,92,81,92,67,72,56,61,48,48,46
129,125,101,84,87,73,87,60,62,59,55,60,46,64
134,114,114,89,90,75,66,70,80,66,49,48,51,46
127,109,103,83,83,80,82,66,63,90,50,54,50,52
125,122,92,84,94,75,82,73,68,73,61,47,54,42
127,102,100,71,94,89,90,74,61,67,54,65,55,43
132,117,91,80,92,82,71,85,63,64,57,59,41,58
115,113,102,78,97,90,93,64,68,61,47,56,53,55
123,122,95,64,81,89,85,81,63,72,63,58,53,43
123,107,98,75,98,96,83,66,60,71,45,62,54,54
126,112,106,68,93,73,86,78,75,64,52,58,55,46
128,132,92,71,91,74,88,74,66,76,47,44,48,61
124,116,97,87,104,100,81,60,65,57,59,42,61,39
124,106,107,83,98,83,79,76,72,61,53,58,44,48
129,105,105,69,91,77,68,77,79,77,55,49,58,53
136,102,102,87,88,77,88,72,75,73,44,75,36,37
126,124,96,67,77,77,84,82,61,86,55,56,49,52
117,120,86,70,104,86,101,59,75,55,63,61,45,50
123,113,89,84,98,86,86,75,68,56,62,62,47,43
126,113,100,83,81,75,78,66,67,79,60,61,47,56
132,106,98,73,93,80,80,67,82,67,63,46,63,42
124,110,93,78,92,81,85,81,65,82,51,73,41,36
131,108,88,83,94,76,83,68,75,69,63,52,49,53
128,103,96,85,92,85,99,62,59,72,42,65,51,53
132,110,95,63,97,76,79,86,71,70,50,58,39,66
134,98,100,85,97,88,99,74,57,62,52,61,44,41
124,109,96,83,85,89,78,69,70,62,57,60,58,52
119,122,93,81,97,74,90,78,76,63,50,61,50,38
140,104,92,82,80,80,86,68,63,79,49,64,57,48
118,111,116,69,97,76,82,64,61,67,60,60,55,56
131,105,107,75,99,87,80,64,68,63,58,51,49,55
121,122,99,81,82,82,64,79,67,63,54,62,62,54
127,99,107,72,96,80,100,71,58,71,57,59,42,53
132,111,95,84,96,89,83,59,52,63,60,64,56,48
123,116,89,87,103,76,85,82,54,71,40,59,54,53
124,106,102,83,94,87,84,72,66,66,50,65,37,56
113,117,99,94,100,75,81,65,70,70,43,63,56,46
127,97,112,84,93,75,100,78,54,69,50,55,44,54
124,121,103,79,103,91,70,83,60,66,39,60,58,35
127,110,99,77,81,87,91,85,66,66,46,55,56,46
113,119,104,85,77,90,75,73,89,71,44,51,61,40
120,106,94,81,78,85,82,64,86,69,68,48,51,60
122,119,100,86,90,72,79,70,72,63,65,60,58,36
123,110,96,70,103,94,83,81,48,56,53,61,61,53
121,107,103,81,95,91,87,66,67,71,51,62,45,45
126,121,103,77,95,88,67,62,67,67,55,60,53,51
139,121,100,73,97,77,78,65,65,55,61,54,52,55
126,107,102,90,97,72,90,64,57,65,59,58,60,45
127,125,93,84,90,76,89,71,65,69,52,61,55,35
120,111,107,75,82,89,86,79,66,70,42,69,47,49
137,104,106,62,81,86,86,70,62,61,53,72,65,47
129,111,97,74,93,80,93,62,65,75,53,65,53,42
133,115,112,74,83,79,78,68,70,75,51,52,52,50
127,112,105,78,91,85,85,71,73,65,50,58,44,48
128,126,109,85,92,73,84,68,63,55,47,53,60,49
125,120,95,72,103,80,82,58,76,76,50,60,50,45
121,109,102,73,101,79,90,73,69,70,60,57,41,47
137,111,94,72,97,79,76,71,74,70,61,50,52,48
130,111,98,86,89,74,80,83,67,64,49,67,47,47
133,107,95,84,97,89,75,72,72,62,58,64,46,38
125,115,98,85,100,86,74,66,73,71,52,56,48,43
123,122,102,88,97,66,82,71,59,70,66,40,50,56
133,103,100,71,95,75,95,88,62,57,59,53,52,49
118,119,111,76,103,75,75,60,59,65,61,57,53,60
124,102,96,89,87,92,92,67,73,67,55,64,37,47
134,109,85,86,96,87,74,65,76,65,64,63,49,39
125,116,108,82,96,73,85,64,68,60,60,64,45,46
119,111,97,69,103,79,95,78,62,70,51,71,50,37
134,105,109,73,92,78,84,62,58,79,52,72,48,46
128,115,91,83,94,74,88,80,68,66,54,49,61,41
117,100,102,83,93,69,94,73,69,82,49,70,47,44
135,107,99,83,98,85,77,62,64,62,64,62,45,49
132,99,100,87,96,88,78,65,78,54,53,67,47,48
126,104,101,82,99,86,85,66,66,71,56,62,51,37
119,115,102,77,87,85,78,73,64,79,58,55,51,49
123,113,115,75,86,74,81,69,76,62,59,56,56,47
127,107,103,69,94,89,93,77,67,62,61,59,47,37
120,116,107,83,104,88,92,77,44,64,47,61,43,46
127,124,109,72,83,82,92,68,60,62,42,59,61,51
125,116,87,92,109,89,72,74,66,57,46,49,58,52
130,105,110,84,91,93,74,75,71,67,42,46,57,47
126,113,102,74,92,90,98,59,48,60,50,70,63,47
127,116,90,76,88,75,91,71,86,68,45,58,57,44
129,107,93,72,96,96,91,68,78,59,64,43,46,50
130,102,106,75,95,92,87,58,65,69,46,65,55,47
126,102,107,75,97,88,80,63,61,70,67,62,49,45
127,102,97,75,98,77,87,72,68,59,61,57,66,46
113,107,108,71,97,90,82,70,71,75,44,51,50,63
126,122,102,85,95,83,70,75,72,66,46,59,42,49
137,108,105,78,105,66,88,60,65,78,61,51,38,52
122,108,97,87,109,84,90,74,43,64,60,51,60,43
132,113,93,74,101,74,81,67,69,60,50,65,57,56
138,98,111,70,103,84,79,79,55,65,52,60,44,54
125,110,110,72,89,84,67,65,81,65,48,65,59,52
125,100,93,79,94,89,83,91,65,59,45,46,66,57
117,118,94,79,77,86,77,71,72,78,62,53,53,55
133,107,101,73,115,67,96,84,56,63,61,52,36,48
122,107,111,82,92,84,76,66,63,71,60,57,45,56
128,117,95,82,96,81,83,75,65,73,54,56,54,33
117,114,108,77,99,86,94,75,63,54,38,59,45,63
126,116,101,72,99,75,99,68,63,67,49,54,53,50
129,120,102,75,97,79,72,71,76,62,50,65,47,47
118,102,99,92,94,81,84,67,64,61,53,70,51,56
128,95,105,64,87,94,85,79,63,61,71,63,50,47
133,111,103,80,91,86,78,76,59,76,49,47,38,65
122,114,102,80,92,71,95,70,70,57,54,68,47,50
122,111,96,66,98,71,90,77,63,58,63,73,48,56
128,107,87,78,95,78,90,74,73,63,54,54,47,64
133,107,86,78,83,87,86,75,71,51,55,68,58,54
127,108,116,77,95,89,87,72,67,79,43,40,50,42
134,118,104,68,104,87,68,56,69,70,62,57,50,45
123,101,95,77,97,92,83,73,61,71,55,60,51,53
129,122,106,79,83,78,81,75,68,47,67,59,48,50
135,116,94,84,94,73,95,64,74,62,56,55,56,34
125,114,102,72,96,84,90,69,60,76,54,60,59,31
130,115,103,75,97,84,83,84,52,47,57,69,48,48
123,117,113,73,106,74,94,59,63,61,43,61,51,54
120,114,112,86,85,86,79,76,67,73,49,61,48,36
124,115,94,92,96,81,81,76,73,61,50,43,53,53
119,97,97,81,89,88,81,67,68,64,66,68,48,59
129,114,96,89,89,83,97,61,58,63,53,52,54,54
125,111,89,89,99,83,84,71,61,84,47,40,54,55
125,104,112,80,93,97,77,81,65,53,50,63,45,47
112,98,104,91,96,85,84,84,80,55,43,59,56,45
127,105,102,79,94,77,88,73,68,68,57,50,57,47
121,111,97,79,106,74,87,72,62,62,55,60,49,57
136,110,103,83,99,84,76,65,66,48,60,45,65,52
127,112,98,71,77,77,85,83,65,62,64,59,63,49
132,115,101,81,98,79,91,71,53,70,45,62,51,43
133,117,104,79,86,96,82,72,71,60,52,48,45,47
135,102,96,83,93,73,84,68,66,75,57,64,52,44
119,108,104,74,87,86,86,61,80,78,48,42,66,53
118,113,96,87,104,77,82,68,64,58,48,68,48,61
134,110,106,79,86,72,83,85,79,65,52,52,50,39
132,120,96,75,86,95,88,74,65,67,47,59,50,38
124,120,107,62,98,89,81,72,70,63,61,42,44,59
132,101,98,93,95,79,78,64,56,69,53,56,61,57
125,113,92,80,103,85,84,79,62,68,51,57,49,44
130,116,98,78,105,86,82,58,61,67,67,56,46,42
124,109,88,78,104,75,83,75,76,67,62,55,51,45
118,108,113,82,75,94,84,69,72,61,56,59,45,56
123,113,83,87,85,88,79,61,77,73,55,66,52,50
135,111,108,76,89,87,85,72,55,70,45,70,37,52
131,114,101,94,87,74,81,63,85,68,41,59,46,48
135,100,91,89,106,71,93,70,59,73,49,54,55,47
124,120,107,77,85,84,86,64,73,75,44,47,49,57
127,97,101,77,84,89,67,81,68,67,57,67,57,53
126,111,89,75,101,75,76,73,51,80,59,63,60,53
121,102,95,78,89,83,94,66,80,64,49,61,45,65
124,117,93,90,94,81,83,67,68,64,54,50,59,48
129,109,108,78,89,81,89,67,69,56,53,61,52,51
122,101,102,80,99,80,95,73,71,57,51,71,48,42
117,109,100,86,99,78,83,72,67,66,54,47,57,57
123,110,112,76,85,76,77,74,71,58,47,64,48,71
123,117,106,78,97,80,97,78,65,65,41,49,47,49
118,116,112,76,90,79,79,77,58,63,64,56,62,42
124,107,98,72,109,98,72,78,72,77,44,50,41,50
124,116,102,76,88,68,77,69,77,84,48,64,44,55
122,107,103,87,104,95,82,68,57,54,55,50,57,51
123,107,101,83,84,89,80,75,80,70,52,57,40,51
131,109,107,75,89,83,100,67,65,64,56,61,54,31
133,112,101,75,91,94,86,72,84,60,42,59,30,53
129,90,106,91,95,83,89,60,60,78,51,58,53,49
131,115,95,81,93,70,89,65,54,68,57,70,60,44
130,112,101,90,83,71,84,72,71,77,47,54,56,44
111,115,102,86,86,82,81,65,61,83,55,62,56,47
116,111,105,69,88,76,89,81,76,65,55,59,56,46
116,118,95,78,94,97,78,73,64,76,57,48,53,45
121,101,110,78,87,93,76,74,60,55,63,60,57,57
120,125,91,79,72,80,91,71,63,75,46,58,59,62
134,119,105,73,93,91,78,63,58,60,51,57,53,57
122,106,104,75,94,86,85,73,59,66,51,60,60,51
129,110,93,73,94,90,83,74,64,78,45,46,60,53
125,124,100,94,88,88,86,65,65,81,44,52,46,34
121,115,90,86,97,73,90,62,67,60,55,57,58,61
133,112,104,64,92,74,88,69,69,66,58,63,39,61
120,118,96,67,89,80,92,66,69,63,66,48,57,61
121,114,102,74,89,80,88,68,77,62,65,69,51,32
135,113,85,83,92,89,90,62,68,48,54,64,54,55
124,117,117,73,103,82,95,71,59,65,43,49,52,42
118,98,93,77,99,90,72,82,76,63,50,59,63,52
123,114,105,88,86,74,70,59,62,74,74,72,45,46
130,108,101,77,83,83,82,74,64,73,59,50,52,56
132,107,107,67,96,84,80,74,71,68,52,50,51,53
133,111,91,68,83,80,92,74,74,72,65,36,65,48
136,124,93,80,95,67,84,72,69,61,54,62,51,44
128,114,120,69,84,83,93,61,64,78,51,58,37,52
129,111,99,86,101,89,92,69,62,70,50,47,50,37
133,105,98,75,89,83,93,59,68,57,69,55,56,52
126,121,93,76,93,80,86,68,64,56,49,65,62,53
131,129,93,79,86,95,93,79,68,50,44,50,46,49
129,111,109,72,86,78,90,75,70,59,57,54,48,54
130,109,108,68,90,89,98,67,60,54,69,48,57,45
124,105,99,75,102,94,73,65,63,78,58,44,60,52
126,109,96,78,92,85,96,79,57,65,51,54,51,53
131,103,93,82,69,79,91,74,91,66,61,47,56,49
123,100,104,85,91,85,83,67,71,60,68,51,50,54
129,120,104,86,85,87,79,64,75,73,36,56,56,42
120,103,108,80,100,81,82,76,76,56,56,47,52,55
121,110,96,81,93,74,91,79,60,82,48,50,51,56
129,111,95,75,94,83,89,71,65,67,51,66,47,49
124,121,93,79,86,87,80,75,60,60,48,70,56,53
117,98,115,97,105,86,77,60,60,67,63,50,60,37
137,103,97,80,94,86,94,66,59,78,50,41,53,54
121,114,103,88,89,83,82,62,52,76,55,57,58,52
120,126,99,87,84,79,95,67,76,63,54,52,50,40
114,109,102,79,87,87,94,76,75,69,59,56,51,34
124,111,107,82,91,82,69,79,73,62,45,63,43,61
115,118,101,72,101,85,77,71,60,72,59,57,52,52
129,105,103,86,102,80,89,76,58,61,59,45,54,45
130,104,91,73,93,89,86,81,59,82,47,53,54,50
126,90,96,70,102,91,84,77,76,71,46,60,54,49
138,103,100,71,91,75,75,78,59,73,59,70,53,47
124,117,120,75,91,90,73,62,60,63,57,62,52,46
132,111,89,71,80,89,89,87,64,61,55,51,58,55
119,105,91,73,87,93,76,83,78,74,58,56,46,53
124,121,93,80,83,86,87,68,63,53,61,65,52,56
131,114,111,65,81,74,89,85,78,63,51,52,53,45
132,103,86,85,93,81,103,69,75,67,58,48,49,43
131,113,95,71,87,91,89,61,64,66,49,62,54,59
132,120,100,72,89,90,84,74,52,63,50,54,60,52
122,126,101,65,92,99,58,79,68,59,59,50,45,69
125,116,104,75,97,85,84,69,61,59,51,61,64,41
127,115,95,74,92,70,90,77,74,71,56,64,53,34
125,108,87,88,84,89,102,76,71,66,38,67,48,43
107,117,115,69,97,82,96,60,57,60,54,59,69,50
126,113,96,74,104,92,92,81,64,59,55,53,52,31
129,115,104,67,88,92,84,77,66,70,45,52,52,51
121,107,99,88,100,83,80,77,76,65,46,49,55,46
122,109,91,79,93,89,94,91,65,69,56,44,50,40
120,103,102,87,83,86,79,67,53,78,57,65,57,55
139,103,108,80,103,83,88,71,57,73,35,58,53,41
121,124,92,78,99,96,81,77,68,53,59,54,50,40
136,107,98,82,101,88,84,72,59,56,61,53,44,51
129,107,99,74,107,74,91,58,75,70,55,53,54,46
130,125,103,84,83,76,76,74,77,61,57,51,46,49
125,109,88,82,96,79,85,73,67,74,52,47,60,55
131,105,109,82,92,87,92,73,75,56,44,50,48,48
120,107,93,86,100,84,92,65,71,74,42,61,48,49
128,111,101,76,100,88,86,75,56,57,65,55,65,29
123,112,98,71,110,87,86,66,66,57,50,69,50,47
134,110,102,83,81,75,87,71,69,78,50,55,46,51
126,116,108,99,88,78,86,73,53,62,46,46,61,50
136,103,97,71,97,84,91,77,60,67,50,53,55,51
118,118,103,71,95,88,84,77,63,70,51,61,47,46
123,118,90,85,85,74,89,75,62,66,64,56,52,53
124,115,101,79,114,89,91,71,58,67,41,45,44,53
132,116,102,72,90,79,76,77,68,76,69,51,31,53
130,110,94,77,92,81,100,80,69,60,45,53,49,52
119,117,97,91,97,80,79,77,63,77,46,54,53,42
128,126,98,65,87,81,79,72,75,73,59,57,44,48
132,118,103,67,80,80,87,86,55,52,63,64,65,40
127,106,100,81,87,90,98,65,70,74,54,51,45,44
133,106,99,89,99,75,85,85,78,62,45,53,46,37
124,108,89,81,86,90,78,72,71,71,52,60,57,53
123,105,98,81,92,75,71,73,71,76,70,53,52,52
128,112,96,76,88,98,79,65,66,72,44,61,55,52
116,99,100,80,103,78,86,78,58,78,46,68,46,56
123,120,102,77,89,99,62,70,68,78,48,51,55,50
128,111,102,82,89,89,89,64,64,71,45,52,58,48
123,114,110,72,89,94,80,73,64,71,60,52,52,38
121,126,96,86,89,79,101,73,68,60,57,42,57,37
123,104,102,79,93,85,88,65,66,67,49,56,62,53
123,112,95,73,106,72,88,63,59,62,51,76,59,53
128,123,81,64,99,82,88,75,74,54,53,60,60,51
123,103,101,76,99,92,81,74,63,66,44,67,51,52
118,102,103,71,86,94,93,84,73,70,46,56,48,48
126,103,102,81,88,86,91,69,78,62,54,51,58,43
118,107,106,96,90,81,83,64,77,72,43,48,58,49
124,108,103,78,99,71,96,69,59,74,60,56,50,45
125,112,89,79,102,84,81,61,81,57,67,52,50,52
120,119,97,61,98,82,79,75,74,66,50,56,61,54
122,113,106,61,104,80,76,64,76,74,55,55,55,51
123,115,104,63,88,93,94,75,57,80,59,48,49,44
130,115,81,78,86,91,87,78,45,70,65,64,61,41
125,110,97,73,99,87,91,67,69,65,49,56,56,48
116,112,94,78,80,88,88,81,70,80,44,47,56,58
122,116,96,73,94,81,92,68,75,73,51,56,42,53
127,117,89,76,106,88,80,66,69,61,59,54,62,38
118,114,93,86,97,83,96,64,72,74,53,58,35,49
124,105,105,87,104,77,80,72,68,67,56,36,50,61
120,100,113,76,89,89,86,67,72,62,47,68,58,45
126,123,104,88,92,81,89,69,68,72,39,57,48,36
137,106,93,86,81,87,75,73,65,67,66,56,50,50
113,95,109,66,106,85,79,80,66,75,52,62,50,54
124,110,105,83,96,90,93,56,66,53,59,58,47,52
134,98,102,86,85,93,85,66,68,70,57,61,50,37
111,111,105,88,96,81,87,77,62,73,56,53,48,44
125,104,110,72,84,84,81,83,45,73,46,79,53,53
126,120,96,65,91,87,80,70,67,69,49,60,59,53
131,115,106,73,84,90,86,69,73,48,47,53,63,54
127,97,108,66,109,81,87,64,77,69,39,60,61,47
115,111,97,80,100,85,87,77,72,56,63,62,45,42
115,110,101,75,92,87,85,81,66,73,42,61,55,49
130,103,106,100,80,74,92,73,67,48,52,74,52,41
116,97,96,79,99,85,98,74,68,61,51,61,51,56
133,120,102,84,80,78,83,77,65,63,62,48,50,47
122,113,103,76,78,93,72,67,62,78,59,66,51,52
124,110,101,87,100,84,76,72,77,66,55,42,47,51
133,107,97,76,91,79,90,82,66,65,64,59,34,49
132,115,95,75,90,79,90,68,64,86,35,64,52,47
133,120,90,67,93,100,89,57,64,73,65,54,47,40
135,105,106,72,97,78,82,70,62,72,60,60,50,43
126,122,108,88,87,85,72,85,71,56,49,56,43,44
125,110,97,96,88,80,81,82,60,71,45,64,49,44
121,111,111,82,105,79,83,63,73,58,57,51,47,51
128,115,96,76,98,85,92,77,65,62,52,55,43,48
118,98,119,84,103,92,78,75,60,70,41,60,42,52
130,105,102,66,101,78,105,58,57,67,45,54,57,67
125,130,111,89,82,83,89,57,55,72,48,51,53,47
116,109,107,98,92,81,82,65,69,77,36,57,55,48
123,117,92,64,86,101,90,71,60,69,58,56,51,54
124,106,103,62,83,97,83,75,64,71,51,64,56,53
120,109,103,76,110,71,83,79,52,65,52,59,55,58
116,103,101,79,99,91,78,72,55,63,52,64,60,59
129,122,85,66,99,75,83,66,91,70,60,53,40,53
127,115,98,95,82,78,88,63,57,63,52,61,54,59
131,104,91,77,90,78,90,77,60,73,49,53,47,72
118,108,93,80,93,87,74,73,72,66,57,55,60,56
123,125,97,85,104,67,82,68,72,68,49,48,54,50
121,120,96,77,96,90,98,62,56,75,45,49,56,51
133,108,99,75,98,76,92,61,67,66,53,52,64,48
122,106,97,100,85,73,87,65,71,89,54,54,43,46
121,111,100,81,85,92,77,71,64,76,47,59,53,55
111,126,89,89,77,96,79,68,59,79,53,69,63,34
121,115,112,70,95,93,82,76,64,61,45,49,59,50
123,123,88,80,105,80,93,60,73,63,49,60,43,52
125,115,90,73,84,94,86,79,75,73,47,51,48,52
129,109,96,83,96,82,99,69,62,75,51,50,49,42
120,111,93,92,94,85,92,67,67,58,57,58,55,43
128,97,111,70,90,80,92,72,63,64,54,69,60,42
123,106,105,69,92,84,88,70,57,60,55,59,63,61
122,110,96,76,100,78,90,80,76,66,38,68,51,41
122,112,92,65,94,86,70,82,71,70,44,65,60,59
124,121,102,73,95,83,85,62,72,75,54,60,42,44
125,114,105,72,90,73,92,73,69,64,52,60,52,51
118,115,119,72,93,70,83,79,63,71,43,62,50,54
130,111,96,76,88,90,82,68,63,74,52,57,59,46
128,99,105,80,106,64,89,86,69,76,35,62,56,37
129,121,96,77,88,85,83,67,57,70,58,63,50,48
132,113,101,71,95,78,89,73,53,71,49,52,53,62
122,109,107,86,91,86,85,72,68,69,47,58,51,41
116,114,95,88,95,71,85,70,78,73,58,61,36,52
130,122,96,84,80,77,89,69,68,67,45,58,55,52
133,98,108,80,80,88,89,66,66,75,55,62,45,47
125,105,101,73,102,89,90,66,59,72,59,58,39,54
130,116,112,79,83,74,85,80,65,68,44,51,69,36
120,107,111,74,96,93,80,72,61,57,56,71,52,42
133,111,100,79,87,90,64,89,70,71,47,70,46,35
134,104,98,69,85,72,92,63,70,66,52,73,67,47
130,113,108,75,99,88,75,62,70,60,63,49,50,50
130,121,84,76,109,83,100,85,56,71,40,60,35,42
129,106,109,77,92,70,87,72,67,67,55,66,54,41
122,118,108,79,93,76,83,78,67,67,42,51,52,56
129,109,103,91,79,92,91,66,59,70,52,46,65,40
134,115,110,87,106,70,85,63,54,71,36,63,52,46
129,108,87,78,100,88,87,76,75,64,49,46,46,59
120,122,101,71,85,82,94,79,77,66,50,57,50,38
129,114,99,61,96,86,85,87,58,75,50,45,57,50
131,106,111,85,96,65,87,77,58,65,52,61,53,45
113,107,92,80,82,103,86,65,74,89,48,43,54,56
131,107,94,79,91,80,81,72,64,68,69,52,54,50
131,113,99,84,73,82,92,64,65,65,51,52,68,53
138,116,106,72,89,91,85,67,62,50,53,49,54,60
121,109,94,81,106,72,89,70,72,59,47,63,45,64
120,122,108,78,94,81,83,67,68,58,50,60,59,44
120,107,101,69,101,94,72,75,86,67,42,66,39,53
118,112,107,75,88,91,74,78,69,74,53,71,34,48
120,110,108,74,103,92,86,70,71,61,53,44,60,40
119,108,92,78,92,91,90,60,58,85,55,66,55,43
129,115,104,86,86,78,89,68,70,63,54,56,50,44
133,99,92,69,92,99,86,83,69,73,61,59,35,42
135,117,88,82,98,75,84,68,53,71,56,66,48,51
130,102,105,91,87,71,75,66,69,64,59,63,55,55
131,114,101,73,89,90,87,69,62,51,61,59,58,47
121,115,111,73,103,72,89,72,69,60,46,60,57,44
115,101,98,92,100,81,99,72,66,60,61,57,59,31
134,117,94,84,83,82,76,73,55,68,53,65,59,49
123,103,108,78,101,80,98,70,80,59,52,52,52,36
122,116,93,95,105,81,95,68,61,68,42,53,48,45
117,105,102,78,104,88,84,56,71,64,54,63,48,58
127,109,106,79,97,86,83,62,69,52,60,68,64,30
132,111,97,66,99,85,102,66,69,60,50,67,48,40
127,111,98,81,94,82,81,69,77,71,58,47,46,50
121,120,109,73,86,83,85,62,60,77,56,57,50,53
120,113,97,82,112,83,89,62,50,75,51,52,52,54
118,119,110,89,74,95,86,64,68,67,61,53,56,32
121,113,87,77,97,83,88,76,64,75,58,64,50,39
131,123,111,88,86,77,85,66,55,68,52,53,52,45
129,105,102,82,102,77,90,69,71,56,53,57,59,40
117,116,94,69,96,77,94,69,62,87,51,51,50,59
123,120,105,70,87,72,89,62,70,80,69,55,53,37
132,117,95,79,82,89,82,73,68,66,46,51,64,48
125,110,109,74,93,90,85,57,60,69,64,58,57,41
110,121,105,80,76,74,94,78,61,67,58,57,53,58
129,106,107,89,83,83,85,65,59,69,43,51,79,44
122,105,98,89,90,86,87,68,64,67,57,62,56,41
114,115,97,67,89,87,78,75,69,66,71,55,52,57
126,99,106,79,83,89,87,63,72,65,53,68,41,61
122,117,98,81,107,83,70,78,61,67,54,67,44,43
138,101,100,75,103,78,88,75,55,66,46,52,66,49
119,111,104,87,86,86,79,68,76,78,45,61,45,47
117,104,107,88,104,90,95,62,64,61,51,67,40,42
125,104,97,79,91,74,84,79,64,72,52,62,69,40
116,108,109,82,97,81,74,65,69,63,47,54,65,62
126,120,106,84,89,89,80,72,67,66,45,50,48,50
125,113,106,80,98,88,91,69,64,61,58,42,49,48
123,118,94,83,91,90,80,72,55,61,44,80,50,51
130,121,99,73,95,70,87,90,72,66,44,56,49,40
135,122,85,78,95,90,76,60,52,87,54,59,54,45
129,100,106,94,92,80,87,75,66,59,56,55,37,56
124,108,101,90,89,60,96,71,60,73,59,52,55,54
128,111,100,76,95,71,92,68,68,52,57,58,59,57
129,114,101,61,89,89,94,81,76,55,56,59,57,31
128,107,109,76,102,89,68,72,59,70,53,67,49,43
132,111,96,74,106,90,80,65,71,81,51,46,39,50
133,120,91,59,93,93,93,69,62,72,55,58,47,47
115,114,95,71,85,79,101,78,59,76,52,62,60,45
130,115,103,81,82,76,76,66,71,63,50,63,64,52
121,101,107,93,95,73,85,67,74,74,46,61,40,55
127,118,91,82,87,85,87,62,73,63,56,68,52,41
136,115,101,74,101,77,82,70,57,64,42,57,63,53
135,119,103,77,94,73,95,57,59,69,63,63,48,37
128,116,95,71,77,90,83,68,79,69,52,55,66,43
130,112,96,71,95,89,86,68,75,78,46,57,44,45
131,104,108,81,84,105,84,61,67,64,53,57,51,42
124,118,96,86,85,95,68,72,77,62,58,67,50,34
116,115,91,86,90,89,88,71,63,54,57,58,56,58
131,121,94,76,84,81,87,70,69,57,47,57,68,50
130,118,103,66,91,73,80,71,71,78,48,60,57,46
133,105,104,74,104,80,86,69,66,81,39,55,46,50
115,120,104,82,95,76,73,86,66,63,54,63,52,43
136,105,98,78,97,79,76,65,61,59,52,58,61,67
133,120,97,88,101,88,86,71,68,46,54,59,41,40
129,108,102,73,88,73,81,86,74,77,50,61,50,40
135,121,96,73,100,88,78,68,55,68,53,57,61,39
137,116,100,84,95,76,87,64,68,71,54,53,43,44
131,115,103,77,90,76,87,69,59,64,55,56,55,55
133,110,113,77,95,81,74,70,60,72,51,61,52,43
122,108,99,80,95,80,85,68,66,66,56,67,43,57
121,118,94,87,99,84,92,73,69,73,42,39,53,48
135,120,96,86,83,77,91,71,51,63,47,66,50,56
123,113,99,71,87,97,105,66,56,62,58,59,55,41
137,107,94,81,94,88,83,63,66,66,55,57,40,61
139,105,93,70,89,78,92,63,70,66,65,59,53,50
129,104,98,88,100,72,80,79,74,49,58,62,50,49
138,110,113,70,89,85,77,72,56,65,40,57,63,57
133,110,94,88,99,83,91,78,60,66,52,51,42,45
121,124,91,96,85,92,77,88,69,58,44,60,47,40
130,104,95,81,105,75,85,54,75,72,52,55,59,50
120,119,105,78,93,92,77,71,62,65,55,53,58,44
134,104,112,66,91,77,88,71,57,61,56,65,59,51
131,122,101,77,91,84,85,59,59,71,55,62,56,39
116,114,104,79,82,73,80,79,73,57,65,70,50,50
118,110,111,93,95,87,88,74,63,60,47,57,45,44
140,100,108,76,96,81,84,61,64,70,50,61,57,44
126,114,104,90,93,77,90,76,62,79,51,50,38,42
134,113,96,74,87,89,88,70,61,57,53,54,59,57
123,107,98,72,107,73,78,94,69,78,45,55,44,49
133,114,99,84,103,81,76,52,88,77,42,57,46,40
119,110,94,75,90,85,82,79,60,73,61,60,53,51
131,109,99,90,82,92,83,64,60,62,55,64,44,57
121,111,110,89,90,83,84,68,65,68,63,62,46,32
116,124,107,75,92,100,88,63,62,65,59,61,34,46
135,105,109,82,87,79,89,77,54,72,60,55,49,39
117,124,104,77,100,90,85,61,70,63,52,64,52,33
124,113,102,71,98,90,76,60,67,67,67,69,48,40
137,101,96,80,107,85,81,57,61,79,57,56,48,47
121,120,104,73,96,88,87,54,65,59,48,65,57,55
128,115,89,73,78,78,80,79,65,76,54,64,64,49
125,117,91,83,96,83,90,64,70,70,52,56,53,42
127,114,97,80,86,76,68,69,72,69,57,57,67,53
135,116,100,82,83,81,67,70,68,63,59,55,57,56
136,116,100,78,92,84,85,66,60,81,47,50,55,42
126,112,94,81,90,77,85,75,69,62,64,57,45,55
120,115,105,77,88,88,82,75,69,68,54,52,51,48
124,106,99,80,96,70,85,70,66,71,66,64,43,52
129,104,108,58,103,90,90,79,64,69,53,43,54,48
137,114,83,70,96,79,78,78,66,72,59,54,62,44
126,122,104,80,84,78,84,63,68,71,48,59,49,56
128,116,104,76,82,76,88,77,71,70,47,54,51,52
118,114,101,81,93,71,81,59,76,64,58,56,57,63
133,121,110,69,78,87,71,65,57,79,59,69,52,42
132,109,109,71,84,94,85,78,54,77,50,46,48,55
133,114,98,84,104,76,72,67,62,66,50,55,52,59
123,111,106,73,100,77,75,64,67,74,60,64,45,53
130,111,87,94,102,84,86,81,61,64,47,57,50,38
137,105,110,75,115,82,78,72,50,65,50,64,45,44
123,110,104,72,92,79,95,57,68,67,64,61,53,47
123,110,108,89,91,93,82,69,56,60,45,50,59,57
121,116,99,87,92,90,87,67,60,65,37,59,61,51
119,111,92,81,102,77,88,80,61,73,44,60,54,50
129,116,104,82,99,74,94,78,59,75,41,51,50,40
128,106,91,89,92,97,82,71,74,53,43,53,57,56
124,112,101,81,96,79,84,74,63,62,45,73,42,56
133,110,93,83,77,83,84,68,60,82,46,66,66,41
119,116,108,80,88,87,80,70,70,56,56,51,64,47
125,112,103,93,96,83,78,84,61,54,49,54,49,51
128,120,101,79,97,87,80,74,56,57,57,58,51,47
121,111,97,89,90,82,83,72,64,64,68,63,46,42
121,110,106,73,90,86,81,91,63,80,47,51,52,41
127,123,96,70,102,79,82,70,60,77,51,55,51,49
127,95,104,91,101,92,85,60,57,54,62,66,57,41
135,116,100,77,89,74,85,72,71,65,54,59,50,45
119,103,107,91,86,104,82,66,60,78,46,47,52,51
132,107,107,86,91,70,88,76,66,68,43,53,49,56
130,116,102,70,89,76,87,79,69,60,41,58,60,55
128,130,90,81,84,83,97,66,60,54,46,73,55,45
122,119,114,80,96,84,78,52,61,66,51,68,53,48
119,100,93,65,97,84,91,75,73,77,66,58,47,47
120,115,111,72,84,84,96,66,55,55,56,68,62,48
115,114,115,70,97,76,87,62,79,69,55,65,39,49
126,115,110,81,84,85,82,71,68,63,45,63,50,49
119,110,111,71,94,79,86,72,86,63,50,42,56,53
120,99,110,75,97,94,86,67,64,66,63,54,40,57
136,107,104,76,105,93,79,81,59,53,54,48,55,42
135,112,96,84,89,74,90,63,63,73,49,58,66,40
136,106,108,79,83,78,86,72,63,67,44,58,57,55
123,107,109,77,82,82,75,86,65,60,68,58,48,52
120,112,102,76,89,92,85,71,60,73,57,55,55,45
131,106,112,84,85,74,86,81,75,61,39,61,49,48
134,106,99,92,98,77,85,77,62,67,48,59,47,41
130,108,89,92,87,95,90,67,54,85,68,35,52,40
128,111,113,75,91,76,89,76,51,71,53,57,61,40
126,117,111,84,86,80,94,70,56,67,45,57,57,42
128,111,104,85,94,81,75,65,49,80,52,64,54,50
124,107,113,81,98,88,78,67,68,74,58,47,52,37
129,115,96,70,89,82,84,76,64,72,66,55,46,48
125,98,112,87,89,97,83,58,70,72,55,52,50,44
127,96,103,79,93,84,93,70,77,54,61,68,50,37
129,113,96,67,85,93,92,61,73,82,51,61,46,43
129,111,97,85,89,83,83,73,59,68,58,48,53,56
122,122,101,69,97,84,85,64,78,77,42,59,56,36
124,123,108,91,78,73,74,71,60,67,54,63,62,44
139,110,103,94,79,74,87,73,63,77,42,55,41,55
118,112,104,63,89,76,105,76,72,62,55,63,48,49
124,121,99,73,91,87,84,67,67,74,53,61,44,47
127,107,113,84,103,84,80,61,79,65,49,49,54,37
135,106,114,73,91,74,91,73,48,72,65,66,40,44
124,113,91,82,100,87,73,69,63,70,62,67,57,34
131,106,98,70,95,90,69,69,71,73,51,59,56,54
139,110,101,74,92,80,85,58,69,66,52,62,54,50
134,110,89,67,93,92,84,75,53,69,55,52,64,55
116,119,96,65,101,86,82,71,67,63,63,64,50,49
131,107,106,78,93,76,83,83,67,60,60,68,37,43
126,116,98,71,85,94,87,71,56,67,55,58,54,54
125,107,108,79,98,92,72,76,63,55,59,61,56,41
120,113,100,90,96,75,86,72,68,81,48,56,41,46
127,104,108,73,72,87,87,50,69,73,67,62,71,42
130,126,88,64,87,86,89,64,77,81,53,59,38,50
128,108,97,90,79,99,86,77,62,65,53,61,44,43
118,113,100,79,95,86,84,71,83,67,58,55,42,41
125,119,96,92,97,70,88,71,63,67,54,39,62,49
125,117,103,82,95,92,86,73,64,56,52,58,52,37
126,111,87,82,104,83,78,70,63,69,60,54,59,46
121,100,102,84,91,89,78,83,72,60,56,54,56,46
123,113,106,84,97,68,77,72,70,81,55,60,47,39
126,107,92,82,88,80,89,55,66,73,68,62,61,43
139,116,98,75,89,72,72,76,67,65,63,69,43,48
121,103,99,76,101,73,82,68,68,66,64,63,60,48
138,112,92,77,89,91,82,67,60,62,62,57,57,46
111,116,104,93,89,80,82,78,60,76,51,61,40,51
121,113,110,78,98,82,79,68,71,65,48,67,53,39
128,104,98,73,97,88,85,60,81,57,61,58,69,33
113,108,105,74,85,87,81,59,78,59,60,70,46,67
135,102,107,78,101,82,99,71,75,57,50,47,53,35
130,108,112,75,95,69,84,72,68,75,58,34,63,49
124,117,103,80,78,87,82,76,69,55,59,61,43,58
127,114,104,69,85,73,79,58,77,80,58,50,62,56
121,112,91,82,101,75,85,66,62,69,49,63,63,53
130,119,105,62,92,77,86,75,62,79,58,51,54,42
128,110,97,78,103,74,85,67,80,79,49,48,47,47
132,96,93,86,99,78,87,72,72,71,60,55,46,45
128,115,96,69,77,81,90,74,63,62,52,61,62,62
123,106,111,84,90,79,90,70,61,77,51,49,52,49
121,117,95,90,100,75,74,71,55,67,50,63,57,57
126,106,97,77,82,89,78,71,75,64,52,56,59,60
130,94,97,82,91,101,82,75,58,73,52,59,63,35
122,99,98,85,97,84,87,68,77,79,48,52,60,36
132,119,88,70,91,87,85,78,76,63,37,55,50,61
119,119,104,91,104,68,87,60,68,53,56,69,37,57
130,115,97,92,91,79,77,60,67,68,58,68,37,53
128,115,102,72,94,79,94,68,76,78,49,56,45,36
131,115,97,71,99,75,81,64,69,70,66,60,43,51
135,96,106,69,93,84,74,69,61,72,59,61,48,65
134,112,99,79,77,76,85,84,70,66,45,63,40,62
136,107,95,68,101,86,82,65,60,62,57,67,55,51
121,116,98,86,105,74,87,73,75,62,53,49,52,41
125,107,91,94,98,67,83,81,67,76,47,61,53,42
116,117,97,76,83,76,96,71,70,70,46,69,53,52
127,120,102,73,100,82,90,69,69,61,49,53,45,52
124,110,112,65,90,95,84,57,71,63,60,65,43,53
125,114,115,78,81,78,77,76,72,60,57,64,46,49
104,111,112,70,90,83,88,81,71,64,57,61,47,53
132,116,107,81,94,83,72,63,77,66,51,52,55,43
130,110,84,65,101,82,84,78,64,77,49,64,60,44
128,116,107,89,94,77,82,75,54,58,46,68,44,54
124,97,101,75,94,83,92,71,72,73,48,49,53,60
130,118,96,83,84,76,88,73,68,73,55,49,52,47
135,99,94,80,88,89,81,63,63,69,57,54,69,51
123,101,109,73,110,85,94,66,52,73,66,50,43,47
122,104,92,91,88,87,91,78,80,74,48,39,52,46
126,114,89,89,104,93,78,77,54,62,60,61,48,37
124,118,95,82,91,76,91,71,59,72,60,48,61,44
125,118,99,73,91,91,84,75,60,72,43,57,67,37
114,116,98,76,89,72,89,75,68,69,71,53,57,45
129,111,94,73,87,91,83,69,70,78,44,49,59,55
111,117,89,78,72,87,101,65,78,68,50,72,57,47
124,108,101,77,95,85,70,71,65,61,60,59,57,59
129,121,100,73,82,85,98,77,76,70,50,51,40,40
122,111,102,83,93,82,91,73,58,64,51,65,45,52
119,103,105,68,100,76,96,60,67,60,52,70,62,54
132,105,99,83,91,79,101,64,56,73,49,58,51,51
119,120,95,67,107,83,88,71,52,66,63,62,49,50
111,122,98,85,95,88,77,83,62,71,58,58,47,37
127,114,115,69,95,89,86,62,56,73,49,72,44,41
130,109,105,77,90,84,84,87,68,61,54,48,56,39
127,108,85,81,96,87,92,75,56,70,54,61,46,54
128,112,91,85,93,87,84,70,68,62,56,50,62,44
132,113,92,72,86,89,84,73,69,57,51,57,63,54
139,101,94,79,93,83,91,74,76,57,58,53,50,44
126,117,109,82,92,81,82,66,71,62,48,49,48,59
119,110,106,84,81,89,91,68,59,62,41,66,53,63
132,105,104,82,80,82,87,95,59,70,46,51,42,57
121,104,107,78,85,81,80,80,78,73,52,58,46,49
116,116,101,89,79,84,92,73,54,65,55,61,55,52
121,113,108,75,99,90,82,72,63,74,52,52,42,49
132,116,103,81,89,71,89,70,67,65,57,57,46,49
123,101,104,76,108,81,75,63,67,71,60,60,51,52
118,117,98,68,97,81,96,80,56,64,49,57,56,55
130,106,96,83,102,86,84,71,63,74,42,66,52,37
124,111,97,77,95,76,92,65,83,69,47,52,60,44
128,115,104,73,87,77,91,61,71,74,45,63,57,46
124,113,101,75,100,91,89,59,68,57,63,59,48,45
121,114,108,63,88,87,86,62,63,77,64,56,49,54
132,106,111,78,99,76,76,63,71,59,54,51,57,59
130,118,100,81,99,79,93,65,79,55,53,51,44,45
129,113,96,75,86,77,90,75,59,68,51,59,58,56
134,122,109,78,80,80,84,74,74,62,46,58,47,44
129,96,97,85,107,75,89,68,70,67,58,68,46,37
130,113,108,76,94,77,80,68,57,64,47,79,54,45
120,115,100,77,96,87,81,64,52,75,66,68,48,43
130,106,98,62,98,73,86,81,68,53,59,65,48,65
123,105,112,82,112,83,79,60,65,70,56,52,50,43
132,112,100,81,88,68,84,75,70,63,46,49,67,57
116,100,111,84,90,83,82,84,71,62,47,59,49,54
130,115,109,78,89,87,82,68,68,70,56,54,44,42
121,116,93,78,92,99,90,78,68,62,36,59,48,52
136,102,103,74,89,77,95,76,76,74,56,61,42,31
128,111,104,74,97,71,92,84,55,60,61,54,45,56
121,101,110,81,75,89,84,75,56,65,59,56,65,55
130,114,104,79,97,86,77,76,70,67,62,54,44,32
108,126,105,69,91,82,93,71,70,73,45,50,56,53
136,109,94,82,82,76,90,53,92,61,56,43,60,58
127,120,104,77,86,86,93,66,73,64,44,52,52,48
124,111,105,68,95,94,100,63,71,71,49,49,53,39
126,111,95,86,106,78,79,89,57,69,47,60,48,41
139,108,104,76,93,73,82,69,52,65,61,59,63,48
118,116,90,75,95,97,96,67,62,69,54,53,39,61
128,118,79,72,86,85,67,66,76,72,58,63,69,53
116,126,103,68,96,84,82,66,73,58,50,58,52,60
132,115,106,81,96,76,88,81,55,53,57,49,61,42
121,110,111,91,104,79,88,68,72,74,54,41,44,35
143,92,101,76,96,92,82,73,62,77,45,62,52,39
129,132,99,81,80,90,80,58,74,70,49,57,52,41
119,118,107,76,76,91,97,65,75,65,40,65,45,53
134,110,107,76,92,71,95,73,80,56,56,62,43,37
116,116,107,73,92,89,72,69,67,63,61,55,60,52
127,102,105,69,94,92,72,60,64,69,49,67,71,51
138,101,96,80,101,85,88,66,68,65,59,49,45,51
128,113,99,87,82,78,72,79,80,58,53,55,58,50
133,112,107,64,80,97,80,64,60,57,53,74,54,57
130,104,101,73,99,87,93,70,51,73,56,50,60,45
123,105,97,78,105,86,84,73,70,68,56,62,46,39
125,110,118,79,90,84,85,64,70,65,51,51,51,49
130,107,99,94,95,73,82,75,61,70,52,65,54,35
129,120,95,61,76,84,112,68,74,72,50,58,49,44
133,113,113,60,89,85,93,84,60,62,48,63,47,42
139,110,92,88,97,90,76,77,67,64,45,55,53,39
130,108,105,91,89,90,73,70,66,65,56,61,55,33
129,107,99,85,94,73,81,73,67,65,64,50,44,61
132,117,104,67,100,81,91,58,67,62,49,63,64,37
132,107,103,73,91,87,94,75,68,62,55,61,42,42
119,122,98,82,99,83,74,75,70,60,55,58,46,51
127,104,95,85,93,95,85,80,58,71,44,65,47,43
128,103,95,73,107,86,83,77,65,67,52,61,57,38
128,111,96,87,93,91,82,67,59,70,57,43,54,54
132,105,79,76,101,98,83,78,67,62,58,65,42,46
132,113,87,77,100,87,85,70,57,67,70,58,48,41
135,99,101,68,91,82,90,81,80,80,53,37,47,48
132,116,105,85,88,83,91,69,61,69,51,34,50,58
132,110,109,84,90,75,85,64,64,62,52,60,51,54
118,111,98,78,92,84,83,71,74,73,49,72,45,44
123,105,91,82,97,90,84,76,75,70,57,54,48,40
129,112,79,71,94,78,88,77,68,76,49,64,62,45
121,114,101,83,87,82,86,58,72,57,48,60,58,65
131,113,113,74,84,77,95,65,52,71,60,49,61,47
134,108,102,76,104,93,84,68,62,75,58,56,41,31
133,99,101,69,104,90,83,64,59,67,61,60,47,55
131,109,101,77,84,89,90,68,69,65,49,48,62,50
133,117,104,77,84,77,89,72,63,64,44,69,50,49
128,111,96,83,89,84,77,78,55,72,62,57,46,54
134,99,100,81,88,76,85,78,78,68,48,56,55,46
134,111,103,75,94,78,82,80,65,69,66,55,47,33
129,118,112,60,84,89,81,58,68,66,64,58,56,49
128,120,110,62,82,93,73,69,72,73,72,55,48,35
127,114,103,64,83,86,74,76,67,81,56,66,51,44
130,124,95,61,107,78,68,73,62,83,58,67,46,40
129,117,105,76,98,78,80,63,76,64,51,56,54,45
120,118,111,70,93,82,80,69,73,63,59,63,43,48
123,111,107,89,84,88,86,78,75,66,46,55,46,38
127,99,111,76,104,83,91,84,50,69,44,47,44,63
118,104,102,74,105,76,97,60,75,66,51,58,59,47
131,100,103,80,90,73,78,78,62,75,60,66,49,47
129,110,102,85,87,74,85,67,58,75,59,64,50,47
132,107,99,79,99,79,84,59,66,68,44,75,66,35
126,119,90,78,84,89,94,65,60,63,61,53,61,49
124,119,90,78,99,76,81,70,74,65,61,59,57,39
108,118,102,74,90,90,84,63,63,81,63,59,51,46
122,114,106,79,109,81,66,67,61,70,64,65,44,44
123,121,92,79,83,88,88,77,58,63,62,55,52,51
123,105,99,79,88,74,89,65,63,74,67,69,52,45
128,113,110,80,85,83,94,66,55,68,57,54,49,50
126,118,113,85,83,85,86,76,64,68,44,53,45,46
129,101,99,77,94,77,92,69,63,70,56,58,44,63
120,95,114,89,87,86,83,77,59,69,52,58,47,56
126,108,100,71,89,81,98,74,65,61,63,53,52,51
134,130,91,63,81,88,97,67,82,60,49,57,41,52
124,110,101,81,88,88,73,83,62,69,48,65,52,48
121,118,98,81,114,70,90,74,53,66,55,55,55,42
133,111,105,83,96,88,82,76,73,58,57,56,44,30
121,111,105,84,92,90,82,66,69,59,65,45,55,48
116,118,90,80,102,96,80,60,68,77,57,55,42,51
124,107,107,76,102,83,85,73,71,59,51,56,54,44
116,119,100,70,94,98,91,66,67,70,51,46,54,50
129,107,113,83,86,76,88,74,70,47,56,62,62,39
117,116,109,84,82,86,72,72,63,65,62,57,59,48
127,103,95,72,90,90,92,85,80,60,67,54,38,39
121,112,103,80,104,79,69,82,84,61,44,55,42,56
121,113,99,71,103,85,91,69,71,74,51,60,48,36
124,120,92,83,89,78,94,69,62,72,55,64,44,46
126,122,94,98,106,77,83,78,59,58,41,58,46,46
129,107,102,69,95,69,94,69,74,67,45,68,52,52
124,125,92,75,97,91,84,75,65,73,46,44,53,48
131,114,111,70,94,95,88,65,61,61,70,50,43,39
116,113,101,87,85,90,91,72,61,50,48,75,61,42
115,109,103,82,102,89,94,63,66,58,48,52,57,54
118,115,102,78,90,76,86,75,72,82,51,55,51,41
125,113,108,90,93,85,73,75,55,61,59,61,44,50
131,109,105,77,97,72,83,64,64,51,61,65,54,59
109,111,101,75,103,72,82,67,61,74,68,57,54,58
129,128,98,71,82,86,76,77,73,61,59,53,61,38
130,115,107,80,67,94,88,63,70,70,51,65,46,46
112,112,103,77,108,86,83,57,70,72,59,62,47,44
131,117,99,80,88,84,94,69,74,64,49,49,50,44
128,116,103,78,94,83,86,67,68,60,56,62,47,44
122,116,109,79,100,83,71,68,61,74,58,50,46,55
125,116,88,70,92,74,100,67,69,70,49,68,52,52
128,113,104,85,82,89,80,65,73,62,52,65,55,39
135,119,93,74,86,79,83,74,71,65,46,64,52,51
118,115,115,83,95,78,74,67,68,76,41,50,52,60
121,113,92,68,92,92,85,76,73,61,45,56,59,59
111,118,96,80,98,72,80,75,85,67,60,41,55,54
128,115,105,86,87,74,84,81,55,58,56,66,52,45
120,110,103,70,102,87,85,70,69,65,57,59,54,41
120,118,110,68,85,70,84,79,59,72,40,72,63,52
127,110,120,73,89,77,72,70,68,82,49,57,59,39
116,115,103,71,88,93,86,65,55,64,71,60,48,57
131,96,107,70,95,95,80,75,71,72,46,57,51,46
129,117,102,70,94,87,79,74,64,56,61,62,50,47
113,114,95,89,83,92,75,78,66,66,58,55,61,47
113,109,108,73,113,92,85,58,71,72,55,48,55,40
120,108,93,71,95,77,90,58,68,65,64,61,55,67
119,119,106,73,95,78,80,69,63,73,47,55,59,56
122,119,96,76,89,89,95,68,60,56,60,56,51,55
119,110,106,68,94,83,89,80,68,74,34,56,55,56
124,106,99,81,99,94,84,50,54,59,58,61,63,60
126,104,100,73,111,74,82,75,82,68,66,41,50,40
134,109,107,65,88,76,89,73,61,74,52,55,51,58
128,116,107,82,84,84,78,60,72,62,54,49,64,52
128,114,104,67,98,81,86,72,78,62,64,47,54,37
123,122,103,89,89,81,76,71,58,66,68,56,47,43
128,114,98,80,99,79,84,79,71,52,60,48,44,56
120,118,100,91,101,93,79,74,70,54,55,44,64,29
128,93,104,87,81,89,83,74,69,73,54,48,61,48
116,107,107,86,100,78,76,73,80,76,54,46,48,45
131,115,95,70,104,70,79,74,56,77,55,60,48,58
130,114,87,78,97,101,93,66,45,75,55,48,55,48
128,117,108,75,97,76,77,80,81,63,52,51,41,46
117,112,95,79,95,86,71,65,74,73,58,60,53,54
126,109,98,80,101,78,89,61,68,72,37,56,60,57
121,110,95,91,114,86,72,62,73,61,46,66,49,46
128,109,107,73,101,76,91,76,65,79,52,52,49,34
131,113,102,80,85,88,75,63,59,70,55,59,54,58
129,110,93,81,85,93,87,74,55,68,54,73,47,43
127,104,110,78,81,81,85,64,74,75,52,57,51,53
132,112,109,87,86,77,86,79,74,57,49,56,45,43
129,111,97,84,99,78,89,71,67,62,42,57,56,50
141,114,93,75,78,80,97,87,63,61,43,63,54,43
127,111,98,73,90,91,90,73,68,69,54,59,49,40
127,97,97,74,92,81,95,67,64,77,46,62,61,52
126,117,100,76,91,76,85,65,58,72,51,71,65,39
140,103,103,76,91,77,82,80,68,70,49,44,53,56
121,113,100,78,76,89,80,65,76,79,68,57,51,39
137,104,91,66,83,80,100,67,65,73,59,56,50,61
130,100,98,82,88,83,83,69,68,81,56,60,57,37
133,111,95,84,94,79,85,63,79,51,60,53,57,48
120,125,101,73,92,89,74,65,82,56,51,56,62,46
132,113,94,91,91,81,74,57,68,73,67,71,40,40
138,114,89,79,90,76,76,74,60,79,58,61,59,39
124,96,108,93,83,78,82,85,58,77,57,75,39,37
124,106,104,73,85,98,77,75,61,69,55,57,59,49
128,115,108,65,93,80,84,71,62,65,52,71,49,49
129,99,100,91,90,92,88,78,63,74,52,53,50,33
129,123,103,61,100,80,81,65,70,56,60,55,47,62
129,105,96,89,99,84,95,66,57,67,48,48,53,56
136,111,106,72,96,85,72,65,81,67,47,53,49,52
132,94,92,85,103,83,95,71,60,74,56,49,47,51
129,115,105,78,100,81,81,74,54,60,54,53,47,61
129,100,108,89,91,83,97,64,63,58,53,62,38,57
123,112,87,82,95,84,95,75,46,69,63,67,50,44
132,111,98,75,101,76,88,66,63,65,50,54,63,50
144,106,98,76,97,82,95,66,53,69,56,56,41,53
130,109,105,76,89,83,84,72,72,57,52,57,46,60
129,118,110,73,100,75,84,60,74,67,47,56,47,52
132,111,108,72,87,80,88,73,77,66,49,52,52,45
115,115,110,68,91,86,88,82,65,69,43,58,46,56
125,105,99,71,89,89,100,92,62,57,49,61,56,37
118,109,97,66,96,78,74,81,84,74,56,55,65,39
115,110,107,76,81,76,89,81,73,77,49,62,58,38
134,111,111,76,97,72,83,71,70,63,50,56,54,44
125,110,108,70,102,82,73,81,77,66,46,60,40,52
116,113,102,87,85,80,92,78,73,63,55,47,58,43
127,111,101,75,109,71,76,67,60,78,53,58,53,53
117,128,101,74,94,88,81,80,57,62,49,71,43,47
124,99,103,69,87,87,92,76,56,77,58,54,63,47
133,120,88,71,100,76,79,71,67,75,50,62,56,44
136,115,98,84,98,86,96,58,83,54,52,48,54,30
134,116,110,65,88,73,89,79,59,66,47,62,55,49
129,108,95,87,96,82,83,73,48,72,54,62,55,48
136,105,92,88,89,77,79,81,71,77,45,49,54,49
140,105,101,84,86,85,77,65,82,67,43,63,42,52
123,119,95,72,93,88,77,79,67,73,56,59,57,34
130,108,104,69,98,79,90,67,69,65,50,53,48,62
117,105,105,85,103,86,96,70,61,74,47,60,37,46
122,123,93,83,86,86,100,62,65,61,62,48,50,51
127,104,114,76,103,84,91,73,69,57,50,37,53,54
125,102,104,71,102,76,88,71,66,64,50,66,53,54
131,108,88,72,103,85,72,79,68,66,66,62,49,43
121,112,102,82,99,97,88,58,61,73,54,63,38,44
128,104,106,78,94,87,77,78,75,68,53,41,50,53
125,105,100,79,86,85,97,74,77,70,49,59,46,40
129,101,93,92,86,69,76,75,77,61,58,64,49,62
122,99,97,84,84,96,78,77,66,79,51,63,48,48
131,114,92,74,83,92,90,62,66,54,54,75,50,55
127,102,105,77,83,81,92,73,55,82,58,71,46,40
121,117,100,78,92,78,87,67,61,85,47,69,45,45
132,98,110,64,88,79,97,67,74,68,66,60,39,50
135,112,110,77,86,85,77,61,59,75,63,61,45,46
126,114,105,72,91,84,77,66,64,67,59,57,57,53
125,112,108,75,74,68,99,61,64,69,56,62,54,65
118,108,104,71,93,94,87,63,75,64,57,66,54,38
115,101,108,86,98,88,93,65,61,61,67,53,49,47
128,106,104,74,85,83,78,61,74,71,54,62,53,59
121,114,94,75,90,71,98,80,66,67,62,51,44,59
129,95,105,84,108,69,90,53,67,72,53,58,48,61
127,109,91,75,101,83,90,74,69,56,46,60,60,51
129,108,103,87,99,76,84,70,65,74,44,60,57,36
129,117,112,74,88,88,75,64,75,71,55,50,56,38
119,120,104,81,81,82,93,68,59,71,56,54,52,52
120,112,110,71,93,89,85,70,54,75,61,59,55,38
134,113,104,72,90,60,93,72,66,72,46,64,57,49
127,117,100,84,93,80,83,65,68,61,48,63,56,47
137,110,111,79,98,82,90,63,62,60,50,56,51,43
127,109,99,72,93,81,96,68,60,76,60,50,54,47
131,103,95,93,96,79,83,68,57,67,52,56,56,56
130,114,103,70,104,70,82,73,61,70,60,63,60,32
129,115,116,84,85,77,89,68,52,74,44,64,49,46
120,115,100,78,99,91,81,78,51,64,44,49,65,57
115,119,94,90,79,90,87,77,55,77,59,48,53,49
132,111,106,89,83,89,73,67,78,59,52,53,57,43
128,107,98,75,98,93,88,76,76,55,57,45,48,48
118,120,113,62,94,90,84,78,54,67,41,57,56,58
125,114,100,92,96,86,83,84,66,56,52,55,53,30
129,112,102,69,85,94,88,53,63,76,61,57,40,63
135,105,112,69,85,74,85,80,61,74,53,56,48,55
130,105,99,83,95,86,98,58,59,62,51,64,58,44
122,119,99,70,84,84,87,83,61,65,50,61,67,40
136,116,99,74,80,75,83,76,59,73,66,60,54,41
111,120,98,71,94,93,99,64,61,56,47,63,62,53
110,112,101,87,93,88,83,73,62,78,63,55,42,45
128,102,94,76,90,76,89,80,62,61,52,67,73,42
127,115,108,73,94,82,105,57,59,63,44,64,48,53
139,110,105,78,91,91,100,56,55,54,63,57,45,48
121,108,109,88,76,76,91,76,61,78,56,56,47,49
123,103,93,79,105,85,90,76,66,70,58,65,44,35
127,110,112,77,95,92,87,60,68,69,50,50,53,42
129,114,111,73,93,83,75,55,75,61,65,49,49,60
121,113,105,89,94,67,86,59,57,72,55,55,70,49
122,116,104,71,90,80,87,80,66,69,46,72,48,41
118,115,104,72,90,92,89,75,57,78,49,48,49,56
113,126,113,73,87,90,86,61,65,57,60,52,56,53
140,109,95,81,100,77,75,66,72,72,45,54,65,41
126,116,105,87,86,83,87,85,60,63,37,47,57,53
117,110,108,78,70,87,77,96,70,67,43,62,54,53
125,122,108,76,85,69,88,51,60,79,45,68,61,55
129,109,99,86,92,83,81,75,57,78,51,51,50,51
126,111,106,80,80,86,91,70,67,76,43,47,58,51
118,120,93,76,90,83,74,76,62,76,54,59,60,51
126,109,92,85,88,89,81,77,64,83,47,55,54,42
134,100,105,86,99,83,74,78,73,70,48,52,48,42
130,110,117,81,76,91,86,56,70,56,55,54,60,50
122,112,110,76,88,78,86,74,67,66,55,65,48,45
125,119,90,76,103,79,90,62,74,64,49,56,49,56
119,109,97,73,94,84,83,58,52,82,61,72,54,54
128,114,92,65,105,75,79,82,60,67,69,64,46,46
123,106,110,67,80,100,79,80,64,75,54,58,44,52
120,107,104,86,87,95,98,66,73,66,39,55,49,47
123,103,104,80,88,92,87,66,60,61,63,65,46,54
130,108,106,69,86,78,92,78,62,72,54,55,55,47
126,101,107,73,92,102,88,74,63,50,61,55,51,49
129,114,115,70,106,93,81,72,60,71,45,45,47,44
131,111,104,82,88,85,82,68,62,66,61,58,50,44
122,108,106,78,106,72,80,73,65,81,53,51,53,44
124,112,94,85,105,78,92,75,62,59,49,55,57,45
111,118,90,85,111,70,72,63,75,63,51,69,68,46
121,105,109,79,90,82,95,71,50,68,50,65,54,53
122,127,106,81,82,70,73,71,59,76,48,66,56,55
123,100,112,77,92,91,81,67,64,75,53,56,53,48
120,102,96,82,85,79,85,71,72,69,64,58,56,53
122,99,113,78,91,76,82,80,66,58,64,57,49,57
142,116,85,80,95,86,76,70,73,57,63,58,45,46
132,111,80,73,94,91,77,77,65,62,65,63,44,58
125,111,101,71,85,87,86,67,91,65,53,57,59,34
131,123,107,71,84,85,84,74,64,73,37,57,57,45
132,117,109,75,84,75,96,69,71,69,53,52,52,38
124,121,109,86,91,84,72,63,64,56,55,50,47,70
122,103,106,79,90,89,99,71,66,76,50,53,56,32
126,103,102,79,97,80,70,74,72,63,71,54,44,57
117,123,94,71,86,86,86,76,72,59,59,60,56,47
117,106,108,70,109,87,100,62,62,68,48,60,54,41
117,108,111,66,95,76,96,65,76,71,60,54,59,38
124,116,107,84,84,82,74,70,60,72,58,50,57,54
118,111,94,78,95,79,75,82,70,67,60,61,45,57
124,105,99,98,88,87,84,68,63,75,67,50,44,40
133,119,100,75,87,78,83,65,67,59,54,66,56,50
131,110,107,84,91,80,81,76,57,76,52,51,54,42
124,103,99,97,91,79,97,82,56,59,49,63,51,42
140,111,100,72,81,77,89,75,70,71,49,56,52,49
124,112,94,69,96,77,89,68,65,74,58,57,57,52
124,117,107,77,83,71,98,61,71,75,51,54,58,45
114,110,99,78,93,91,86,60,72,86,55,52,56,40
133,120,101,90,85,85,83,67,68,63,40,53,50,54
125,100,118,87,111,91,76,62,65,42,55,63,53,44
120,101,103,67,99,97,84,87,77,59,42,57,44,55
136,113,100,81,102,81,92,64,59,60,54,44,55,51
119,117,86,76,79,93,80,76,68,56,51,63,62,66
137,100,102,86,88,80,100,59,57,69,60,46,54,54
126,107,105,77,91,98,73,79,58,63,50,57,62,46
121,121,100,67,85,96,90,57,71,64,56,57,56,51
135,112,105,78,95,67,81,79,59,72,50,66,41,52
127,116,102,81,87,84,95,67,65,64,50,58,59,37
127,109,97,94,82,86,87,71,73,74,46,56,42,48
135,114,86,79,99,81,85,70,70,68,56,60,45,44
126,113,105,68,83,87,76,82,66,80,47,61,57,41
122,105,108,80,78,85,94,83,60,69,51,61,45,51
121,122,112,86,86,87,75,75,66,65,46,55,51,45
120,120,96,85,85,85,98,75,60,72,45,58,48,45
133,112,98,60,92,92,96,62,68,64,57,59,47,52
123,103,93,68,103,70,88,78,67,67,56,52,65,59
125,104,107,83,96,72,94,61,63,71,57,59,53,47
118,113,100,72,100,78,66,85,78,81,40,60,55,46
125,122,103,75,89,91,72,68,57,71,47,49,63,60
120,101,119,80,91,83,84,81,55,70,50,58,43,57
121,112,96,78,84,82,80,90,62,62,63,60,56,46
129,117,110,81,93,78,83,55,66,65,49,59,42,65
126,110,104,88,78,80,100,84,65,71,39,48,49,50
130,112,113,80,87,88,85,81,52,60,59,60,45,40
134,116,91,82,96,81,84,65,52,66,60,66,61,38
134,109,102,74,102,77,86,70,57,74,51,76,41,39
122,111,99,80,83,83,79,84,64,69,58,67,39,54
124,115,99,77,88,91,63,74,78,69,68,49,42,55
129,111,110,78,98,70,70,83,56,68,58,55,48,58
119,105,105,77,87,80,90,76,65,80,61,55,49,43
125,108,99,56,102,92,95,67,72,54,61,62,49,50
121,109,108,83,97,72,98,73,70,80,36,57,51,37
132,107,97,88,107,87,78,60,63,61,53,49,52,58
127,100,102,83,99,88,92,69,56,63,62,55,55,41
125,121,101,86,89,73,69,67,70,65,58,54,61,53
127,98,101,86,83,79,87,85,65,63,44,60,54,60
129,114,94,86,90,73,83,73,67,69,50,66,58,40
124,124,87,79,101,90,82,75,53,66,54,48,55,54
129,121,109,79,98,62,75,69,81,63,49,62,44,51
114,105,107,78,93,90,86,66,62,61,52,67,54,57
127,112,106,82,94,80,82,68,50,76,53,67,54,41
119,112,105,84,94,96,92,67,53,64,49,62,52,43
113,108,108,68,88,88,98,69,61,69,56,66,54,46
130,111,83,87,71,84,92,74,80,74,56,58,44,48
131,114,103,87,95,93,78,65,73,76,34,61,42,40
125,113,94,84,90,85,83,71,67,80,40,55,62,43
127,110,89,79,90,85,75,74,53,70,62,62,61,55
131,105,111,79,91,92,71,71,55,69,49,60,58,50
122,108,90,76,91,66,96,76,66,82,55,60,59,45
127,104,89,74,87,92,94,66,63,80,48,63,48,57
115,108,114,90,112,87,68,79,67,56,50,48,45,53
120,123,99,77,89,83,91,66,62,78,57,55,52,40
120,96,94,84,89,88,82,75,70,61,58,74,45,56
127,116,99,71,92,79,91,75,62,65,54,63,59,39
126,105,101,69,92,79,85,76,72,74,62,45,56,50
120,99,110,73,109,86,82,71,63,70,45,60,54,50
126,121,106,77,91,83,84,71,60,65,54,69,43,42
120,108,107,82,95,92,74,60,71,77,53,52,54,47
135,104,98,89,104,91,78,67,62,78,48,50,31,57
130,116,102,85,102,90,78,65,58,69,47,55,54,41
140,114,105,79,100,82,74,62,70,58,56,48,53,51
129,118,96,77,85,90,85,62,75,65,52,46,66,46
125,111,99,75,83,84,90,85,63,70,58,56,48,45
128,102,109,79,88,79,88,78,71,61,55,61,50,43
135,105,104,97,90,74,80,66,65,68,52,76,34,46
127,113,98,80,86,90,67,67,65,68,52,66,62,51
133,111,101,80,93,83,83,79,64,63,57,39,63,43
137,113,106,72,102,78,90,70,63,69,50,40,61,41
129,112,94,81,86,69,82,66,61,59,63,53,67,70
132,120,100,74,95,93,83,76,66,69,47,53,50,34
123,112,101,65,88,94,93,73,75,70,54,48,43,53
122,100,89,87,87,84,83,70,66,67,61,70,50,56
138,115,109,76,79,80,77,73,70,61,61,58,51,44
124,116,86,72,90,92,94,71,62,62,47,63,61,52
123,111,107,65,94,90,88,63,47,76,58,56,60,54
127,109,107,89,99,72,73,68,80,70,60,53,40,45
126,112,94,89,82,81,87,63,71,66,59,65,52,45
120,103,111,86,88,85,76,54,71,85,47,65,49,52
129,123,105,85,77,78,90,67,69,52,56,54,60,47
130,110,93,87,101,87,84,69,60,67,47,58,48,51
135,114,101,72,97,97,86,62,58,61,56,47,48,58
120,115,96,80,94,103,83,77,66,59,71,47,44,37
124,109,98,69,76,79,89,75,72,62,60,68,55,56
132,113,94,70,95,88,89,71,69,63,72,53,45,38
124,109,106,80,107,84,81,71,51,64,50,62,56,47
110,112,97,81,102,83,89,74,69,63,43,64,50,55
128,116,98,80,100,86,66,74,74,76,57,47,57,33
123,103,108,79,96,83,87,78,63,51,46,58,71,46
126,105,91,78,104,92,72,65,64,69,53,62,69,42
122,105,111,90,84,78,89,76,64,60,52,57,48,56
113,111,112,71,97,84,88,70,60,72,49,61,52,52
137,98,112,73,107,91,83,67,57,55,57,49,56,50
124,107,107,66,83,89,90,68,66,70,53,53,63,53
125,114,107,88,90,78,70,73,60,79,46,47,61,54
129,117,87,67,105,76,90,75,75,62,45,55,53,56
124,116,104,68,92,85,84,72,58,62,62,46,62,57
128,115,102,76,86,84,83,64,69,78,60,45,54,48
120,117,96,75,102,93,76,72,59,75,51,52,52,52
118,116,110,82,97,85,82,72,49,70,48,60,39,64
129,124,100,73,92,90,87,79,61,68,53,50,47,39
133,106,90,75,106,85,86,68,59,70,60,59,43,52
121,117,95,81,92,81,68,65,72,66,72,62,51,49
128,112,93,85,97,89,88,64,71,65,46,57,56,41
124,112,101,83,89,75,93,79,68,65,60,50,52,41
111,116,110,74,102,84,76,70,68,72,45,55,53,56
119,120,108,69,91,90,88,63,63,81,50,55,51,44
129,98,94,86,101,82,81,85,72,65,49,60,39,51
135,111,99,79,92,75,70,65,70,65,60,55,65,51
119,117,98,101,87,75,79,87,69,81,33,50,47,49
114,126,83,82,94,88,85,75,79,54,52,51,63,46
118,116,103,80,98,83,81,70,60,85,56,42,53,47
124,107,95,67,75,90,87,83,60,73,48,70,53,60
130,112,99,75,96,74,91,64,70,60,57,65,44,55
117,116,92,59,94,90,77,70,62,63,60,70,57,65
126,125,102,68,101,78,82,57,66,68,67,47,56,49
130,109,112,77,100,90,94,80,47,70,48,40,52,43
130,117,89,80,79,85,81,71,56,72,61,74,51,46
123,106,100,66,101,79,67,83,60,69,66,71,56,45
139,123,92,88,97,71,81,64,71,74,48,61,35,48
133,94,97,78,96,71,75,71,75,77,66,64,52,43
120,105,109,73,101,75,92,78,65,67,54,60,55,38
128,106,107,82,84,76,90,74,64,76,51,41,59,54
135,119,88,92,86,85,79,71,64,68,48,45,56,56
121,111,95,72,107,78,89,70,83,65,52,46,52,51
130,110,111,68,91,65,97,73,68,65,52,62,61,39
125,98,107,86,90,93,90,75,54,67,44,56,68,39
119,115,100,73,100,83,88,70,91,57,45,58,50,43
127,111,105,86,89,93,83,59,57,68,57,51,52,54
128,106,107,92,94,72,82,61,70,72,55,54,57,42
142,118,96,78,79,90,91,80,51,55,52,68,49,43
129,108,100,69,100,104,92,67,49,70,54,45,48,57
